method,input_index,domain,episode_id,component,planned_n,valid,disposition,status,endpoint_available,full15_mp,cpu_seconds,measured_run_cpu_seconds,retained_preparation_cpu_seconds,whole_route_reused,incremental_run_cpu_seconds,logical_work_not_seconds,active_wall_seconds,worker_wait_seconds,stop_reason,terminal_cause,legacy_local_rmsd_A,legacy_global_rmsd_A,local_energy_REU,global_energy_REU,legacy_rmsd_definition,local_energy_residue_n,global_energy_residue_n,local_rmsd_A,global_rmsd_A,local_ca_n,global_ca_n,scaffold_ca_n,display_rmsd_status,display_atom,display_alignment,terminal_sha256,endpoint_sha256,reference_identity,cpu_scope,source_sha256,terminal_locator,action_failure_note
P95,0,ws280,ws:W-N-1dwkA-24-27-0,H30-e477322d87caa3c9,48,True,VALID,COMPLETE,True,True,20.697594359,20.697594359,0,False,20.697594359,9.105515710336617,15.855613482999615,42.11620261600183,POLICY_DELIVERY,,0.08984913089018427,0.028868511502192662,-41.126606205007064,-144.04836527359242,WS_SOURCE_FRAME_BACKBONE_RMSD,16,155,0.11771644351780532,0.023161923812593733,6,155,149,AVAILABLE,CA,single_direct_prediction_to_reference_all_mapped_nonloop_CA_Kabsch,7703d0366c3bbcd5243e2ae2ba57e5d017a71a124dc0e12f4d58811f41bdffb9,50dee0ac2fa15c433cf901186dca42db91c9dffaa566d60d1628e5957d557114,cd5c7c8b85807ec38e41c772aa0a2a10fc294bb2966a5f5a35c81db77370b78c,route_process_and_children_cumulative_plus_exact_measured_preparation_reuse,6c2330e612f4c2000d9965bd45d666c3ca26a74473b994b5ba4c513a06bb5ed8,routing/qualification/budgeted_run/runs/bench48_repaired_20260920/production/6c2330e612f4c2000d9965bd45d666c3ca26a74473b994b5ba4c513a06bb5ed8/rows/00/terminal.json,
P95,1,ws280,ws:W-R03-0,H30-7048216324104d26,48,True,VALID,COMPLETE,True,True,497.236384267,497.236384267,0,False,497.236384267,452.1768008414679,489.8124416520004,0.022923034004634246,POLICY_DELIVERY,,2.4931911002195646,1.2315106783005143,-20.335062554655266,201.67531671398746,WS_SOURCE_FRAME_BACKBONE_RMSD,13,136,1.805414406272728,1.2823609912573317,10,136,126,AVAILABLE,CA,single_direct_prediction_to_reference_all_mapped_nonloop_CA_Kabsch,6debd9e9bf3e404ef34d57fe6f27cb8f2dda3d85117d7fb71dd1b7464fd5e139,5cbd3ce70364020bc6e0009a157ecaf38ed580cfb26d6078e936ba9fe25ac919,f5aef6df1ae420e7d21c4c4e739136c86179f91ae14d8d56d1a4aa3345440635,route_process_and_children_cumulative_plus_exact_measured_preparation_reuse,6c2330e612f4c2000d9965bd45d666c3ca26a74473b994b5ba4c513a06bb5ed8,routing/qualification/budgeted_run/runs/bench48_repaired_20260920/production/6c2330e612f4c2000d9965bd45d666c3ca26a74473b994b5ba4c513a06bb5ed8/rows/01/terminal.json,
P95,2,ws280,ws:W-D06-0,H30-0ac16984a084686f,48,True,VALID,COMPLETE,True,True,17.540776001,17.540776001,0,False,17.540776001,8.420007433704065,12.95351470800233,38.57140548499592,POLICY_DELIVERY,,0.09594709922879041,0.03683556037236023,-30.915458729668913,-128.4592196829687,WS_SOURCE_FRAME_BACKBONE_RMSD,14,95,0.20356243536755245,0.041772903330744876,4,95,91,AVAILABLE,CA,single_direct_prediction_to_reference_all_mapped_nonloop_CA_Kabsch,61e3cc7952b9e7cd632817e856bac0cf79577c54ea0cb7edbc9b3d04290de38d,5f218d701f1390dea190ca412551e2cbaffc0f499287c66ce164ecbfc5d7b8e2,a6c35b611d1ab0a4eaf987638e6d40fce8b9b3fdf90f9c25aa9dc4d42e74b6a1,route_process_and_children_cumulative_plus_exact_measured_preparation_reuse,6c2330e612f4c2000d9965bd45d666c3ca26a74473b994b5ba4c513a06bb5ed8,routing/qualification/budgeted_run/runs/bench48_repaired_20260920/production/6c2330e612f4c2000d9965bd45d666c3ca26a74473b994b5ba4c513a06bb5ed8/rows/02/terminal.json,
P95,3,ws280,ws:W-N-4bfoA-62-66-0,H30-bb66adce5be248b4,48,True,VALID,COMPLETE,True,True,18.808248375999998,18.808248375999998,0,False,18.808248375999998,9.387583890589577,14.26654558100563,7.731657332013128,POLICY_DELIVERY,,0.41731653077019837,0.16712339942955826,-60.72484830151029,-207.9295528537259,WS_SOURCE_FRAME_BACKBONE_RMSD,17,106,0.6972714405503169,0.17918353579953866,7,106,99,AVAILABLE,CA,single_direct_prediction_to_reference_all_mapped_nonloop_CA_Kabsch,6cfee0d1e36d6f217f629f0e28169c57d3a060dbbab8607fb2229a48b70aa155,1f9e7f610915a4691a3e9424214dd0eaed414568e9e2b2cac5ad73d0a8bbe18e,0fcafd747633c441baa62bc1a48e0374d489983a558fa2ac1dff892b7200e92d,route_process_and_children_cumulative_plus_exact_measured_preparation_reuse,6c2330e612f4c2000d9965bd45d666c3ca26a74473b994b5ba4c513a06bb5ed8,routing/qualification/budgeted_run/runs/bench48_repaired_20260920/production/6c2330e612f4c2000d9965bd45d666c3ca26a74473b994b5ba4c513a06bb5ed8/rows/03/terminal.json,
P95,4,ws280,ws:W-R04-0,H30-46053e2d52453997,48,True,VALID,COMPLETE,True,True,468.43685452099993,468.43685452099993,0,False,468.43685452099993,442.84692016168503,462.9652394279983,0.018239743003505282,POLICY_DELIVERY,,7.449748663718742,3.6683160491001066,-10.039228305182181,-80.18438088785643,WS_SOURCE_FRAME_BACKBONE_RMSD,19,83,9.75127988410031,3.648171583988624,11,83,72,AVAILABLE,CA,single_direct_prediction_to_reference_all_mapped_nonloop_CA_Kabsch,cc35ed07fc07e3192a58c6f21484f1775f5d2fad528f3f5d9ab01261ba951fbd,b4c4c6a05ad22cc66b2ad2caae38cc3be3a581ee8de7bee4644e649cd2020114,f89cbb2799c2e819751cb85683ffaee58dc7fc35f43d5745b568d8af9142262d,route_process_and_children_cumulative_plus_exact_measured_preparation_reuse,6c2330e612f4c2000d9965bd45d666c3ca26a74473b994b5ba4c513a06bb5ed8,routing/qualification/budgeted_run/runs/bench48_repaired_20260920/production/6c2330e612f4c2000d9965bd45d666c3ca26a74473b994b5ba4c513a06bb5ed8/rows/04/terminal.json,
P95,5,ws280,ws:W-D08-0,H30-0ff41df978fc6f9a,48,True,VALID,COMPLETE,True,True,22.616597834,22.616597834,0,False,22.616597834,9.977728498497493,17.78970522499003,0.02560383999662008,POLICY_DELIVERY,,0.1091033328677074,0.032317293753219484,-31.50493379278691,-150.59197125377509,WS_SOURCE_FRAME_BACKBONE_RMSD,15,171,0.189960200560823,0.032486585028730745,5,171,166,AVAILABLE,CA,single_direct_prediction_to_reference_all_mapped_nonloop_CA_Kabsch,84c6e7bbede64785336b3eba74d6e0862bbee7ac1edf6c76a2c05cea43bd42cd,38e10bcbe1dd385f6973e393b67e0f07aed12f925f35f2cfabe47c228ee79e75,39b4128a2bde6ad2404c86689c66395dfbb845414e78ee1f39c5a212d3bcc109,route_process_and_children_cumulative_plus_exact_measured_preparation_reuse,6c2330e612f4c2000d9965bd45d666c3ca26a74473b994b5ba4c513a06bb5ed8,routing/qualification/budgeted_run/runs/bench48_repaired_20260920/production/6c2330e612f4c2000d9965bd45d666c3ca26a74473b994b5ba4c513a06bb5ed8/rows/05/terminal.json,
P95,6,ws280,ws:W-N-1fltX-47-52-0,H30-4d5cd78029b396ef,48,True,VALID,COMPLETE,True,True,18.159225142,18.159225142,0,False,18.159225142,9.503597268275923,13.751063856994733,4.660862825010554,POLICY_DELIVERY,,0.31796452928024727,0.13840546967547354,-9.29363594726401,-4.734494339707312,WS_SOURCE_FRAME_BACKBONE_RMSD,18,95,0.3736779831202434,0.1084378587863792,8,95,87,AVAILABLE,CA,single_direct_prediction_to_reference_all_mapped_nonloop_CA_Kabsch,3f1b77bca92db4acc982b6f2ae114b9cb872c0c2f4c5f6f087c4b8afcee5b3a7,7c57ec03fa2f0b637bec3c0c99d59b273bc7505031ee512fe743390e17ff1952,9cc984e6d39e50bb92149d17c61bbb8f8926921096bf4296e52d305db725a6cd,route_process_and_children_cumulative_plus_exact_measured_preparation_reuse,6c2330e612f4c2000d9965bd45d666c3ca26a74473b994b5ba4c513a06bb5ed8,routing/qualification/budgeted_run/runs/bench48_repaired_20260920/production/6c2330e612f4c2000d9965bd45d666c3ca26a74473b994b5ba4c513a06bb5ed8/rows/06/terminal.json,
P95,7,ws280,ws:W-R02-0,H30-9e81484566871a14,48,True,VALID,COMPLETE,True,True,210.07557104199998,210.07557104199998,0,False,210.07557104199998,177.46500021009567,204.78614767099498,7.0229567130008945,POLICY_DELIVERY,,1.890547373532637,0.5581033592544717,-11.365551928464717,-137.58877257564737,WS_SOURCE_FRAME_BACKBONE_RMSD,13,163,2.0285969238552997,0.5859400369509007,13,163,150,AVAILABLE,CA,single_direct_prediction_to_reference_all_mapped_nonloop_CA_Kabsch,6888ff0069ba78b654fd64010b682eafb9911c0a6e6a2dbbfe7869508010bc8e,a510960cbd9601e3219a97b988f2b9d1eef177f74a6ee5c728a4f2b9c38f67aa,48ed2aa7d43ee5f8b319b4ab6bffe0751f46e52a5304d0cc9283c357eec1709b,route_process_and_children_cumulative_plus_exact_measured_preparation_reuse,6c2330e612f4c2000d9965bd45d666c3ca26a74473b994b5ba4c513a06bb5ed8,routing/qualification/budgeted_run/runs/bench48_repaired_20260920/production/6c2330e612f4c2000d9965bd45d666c3ca26a74473b994b5ba4c513a06bb5ed8/rows/07/terminal.json,
P95,8,ws280,ws:W-D04-0,H30-f00f0ee709c4fefa,48,True,VALID,COMPLETE,True,True,20.977994032999998,20.977994032999998,0,False,20.977994032999998,9.780397197961854,16.595046910995734,20.67773892999685,POLICY_DELIVERY,,0.14255106594730535,0.04553879014402735,-52.671313270217254,-133.76905018027733,WS_SOURCE_FRAME_BACKBONE_RMSD,15,147,0.18591228808288943,0.037563199530850896,6,147,141,AVAILABLE,CA,single_direct_prediction_to_reference_all_mapped_nonloop_CA_Kabsch,e48dbc171507fe6547aea3a44e6b48b1cf758f5680876d2ea8e23f6bfb761d6c,5c28f725a91bd8f801260d7a12b9957793e51ed5424c8c4fcc6a0d3cedd8a802,ad420fa1f7c24e1c2f4e4187e0dddb6440a9d0892cb8f4d3263eef31f3750da5,route_process_and_children_cumulative_plus_exact_measured_preparation_reuse,6c2330e612f4c2000d9965bd45d666c3ca26a74473b994b5ba4c513a06bb5ed8,routing/qualification/budgeted_run/runs/bench48_repaired_20260920/production/6c2330e612f4c2000d9965bd45d666c3ca26a74473b994b5ba4c513a06bb5ed8/rows/08/terminal.json,
P95,9,ws280,ws:W-N-2j7jA-28-31-0,H30-754a801456e03df6,48,True,VALID,COMPLETE,True,True,17.962188438,17.962188438,0,False,17.962188438,9.46120312312274,14.021997813993949,33.95316819299478,POLICY_DELIVERY,,0.18116932669588845,0.07860242828149781,-23.611970388049464,-45.06801232568382,WS_SOURCE_FRAME_BACKBONE_RMSD,16,85,0.19400819351323617,0.06312961181804648,9,85,76,AVAILABLE,CA,single_direct_prediction_to_reference_all_mapped_nonloop_CA_Kabsch,4cd1729db7cc39a240c1ec967b2fbc2080814dea0d081d3ea424607d026967c2,b7a947d1be93a7b8f63a9a880dd4107de872851a8cc87c8304a33381e7865879,ca30c62fd4b6db49ef4cfe4b52d0c0530b46fb6593cec05fe83ba2c2b5d2b0e7,route_process_and_children_cumulative_plus_exact_measured_preparation_reuse,6c2330e612f4c2000d9965bd45d666c3ca26a74473b994b5ba4c513a06bb5ed8,routing/qualification/budgeted_run/runs/bench48_repaired_20260920/production/6c2330e612f4c2000d9965bd45d666c3ca26a74473b994b5ba4c513a06bb5ed8/rows/09/terminal.json,
P95,10,ws280,ws:W-R01-0,H30-e5f59827aa5aa6e5,48,True,VALID,COMPLETE,True,True,24.727115815,24.727115815,0,False,24.727115815,12.470510967068355,19.896282004992827,7.522029724990716,POLICY_DELIVERY,,1.1626571176546194,1.215608122845474,-41.554550031180995,-26.30716579531407,WS_SOURCE_FRAME_BACKBONE_RMSD,13,156,0.993927231523077,1.1943277920465998,17,156,139,AVAILABLE,CA,single_direct_prediction_to_reference_all_mapped_nonloop_CA_Kabsch,c517a4ab332df6969c2e2f17e7b9eac4f653ae200272286864c2f22ee30e660c,9495a0946c599e5b0f2948d9dbec3c46ce8a838f1833e9866fd60d409bd97100,1c2d77a8888d7e3b912d3c8560f3abc5708505ac514e6c700f947521006b8d34,route_process_and_children_cumulative_plus_exact_measured_preparation_reuse,6c2330e612f4c2000d9965bd45d666c3ca26a74473b994b5ba4c513a06bb5ed8,routing/qualification/budgeted_run/runs/bench48_repaired_20260920/production/6c2330e612f4c2000d9965bd45d666c3ca26a74473b994b5ba4c513a06bb5ed8/rows/10/terminal.json,
P95,11,ws280,ws:W-D05-0,H30-68dd481407bacaed,48,True,VALID,COMPLETE,True,True,26.328292149000003,26.328292149000003,0,False,26.328292149000003,14.433570321025488,21.433496726007434,7.188565132993972,POLICY_DELIVERY,,0.11084288476432942,0.03904851247638248,-34.920518398981,73.26940477754377,WS_SOURCE_FRAME_BACKBONE_RMSD,17,137,0.12902068067545827,0.0291682722359749,7,137,130,AVAILABLE,CA,single_direct_prediction_to_reference_all_mapped_nonloop_CA_Kabsch,a1472ee7078328019bb73f37a0bb4577957315f684f68f6185e7f6bbf18aa26c,3fce5d54d20d8d6ab274df6bc2311c31d313b6ef89828d1d80d13e253385df13,11106275ce55c7dacff18ecef0a0dd109046e543dabc46f49a934bedc8880ba3,route_process_and_children_cumulative_plus_exact_measured_preparation_reuse,6c2330e612f4c2000d9965bd45d666c3ca26a74473b994b5ba4c513a06bb5ed8,routing/qualification/budgeted_run/runs/bench48_repaired_20260920/production/6c2330e612f4c2000d9965bd45d666c3ca26a74473b994b5ba4c513a06bb5ed8/rows/11/terminal.json,
P95,12,ws280,ws:W-N-2rjiA-34-41-0,H30-a209684961e38d8d,48,True,VALID,COMPLETE,True,True,18.086053265,18.086053265,0,False,18.086053265,9.783277671558206,14.02099191499292,27.466833804006455,POLICY_DELIVERY,,0.35782872025336543,0.17460255885841627,-34.36534349074551,-87.96394750360427,WS_SOURCE_FRAME_BACKBONE_RMSD,20,84,0.45485267694244574,0.15693911388867499,10,84,74,AVAILABLE,CA,single_direct_prediction_to_reference_all_mapped_nonloop_CA_Kabsch,3dec538f01f99e0ad8e6fc8b3b439be59f6bd73a667304d3fa1fe74225f50237,e32fa75dd8068a5cf05b89d4718260a24f9bc0eec9fac035dae226ec8fb56426,412a47561820ec08f71462f2521a3a4bc05e866e3d4988e5099a2b7c2d998c12,route_process_and_children_cumulative_plus_exact_measured_preparation_reuse,6c2330e612f4c2000d9965bd45d666c3ca26a74473b994b5ba4c513a06bb5ed8,routing/qualification/budgeted_run/runs/bench48_repaired_20260920/production/6c2330e612f4c2000d9965bd45d666c3ca26a74473b994b5ba4c513a06bb5ed8/rows/12/terminal.json,
P95,13,ws280,ws:W-D13-0,H30-8d721988086f54c5,48,True,VALID,COMPLETE,True,True,19.733870913,19.733870913,0,False,19.733870913,10.778297107937792,15.30377210599545,0.02369974399334751,POLICY_DELIVERY,,1.0112641343308069,0.3861831548625388,-26.925065426215866,-115.91613477833936,WS_SOURCE_FRAME_BACKBONE_RMSD,14,96,0.9129615842583099,0.322780987570354,12,96,84,AVAILABLE,CA,single_direct_prediction_to_reference_all_mapped_nonloop_CA_Kabsch,4d61d902ec8ed7042cf5e093547df32d17fcb9863141b0e4b0721645422be510,469b02cfb4bc7fc8c56475843592d9ed024480010248d55e35b9c8f846de9fff,e966c8e1e99029dee54ab40c7ffcf33be576727fc0a8247f22ae5b454f9ba600,route_process_and_children_cumulative_plus_exact_measured_preparation_reuse,6c2330e612f4c2000d9965bd45d666c3ca26a74473b994b5ba4c513a06bb5ed8,routing/qualification/budgeted_run/runs/bench48_repaired_20260920/production/6c2330e612f4c2000d9965bd45d666c3ca26a74473b994b5ba4c513a06bb5ed8/rows/13/terminal.json,
P95,14,ws280,ws:W-N-1eyhA-14-22-0,H30-d96146015e38c8fd,48,True,VALID,COMPLETE,True,True,486.701006371,486.701006371,0,False,486.701006371,442.6522655533325,479.50095087299997,0.017281426000408828,POLICY_DELIVERY,,0.5710926829641911,0.21808963552688998,-49.118133464760376,-267.289018846882,WS_SOURCE_FRAME_BACKBONE_RMSD,21,144,0.7648979580090659,0.21140664417067173,11,144,133,AVAILABLE,CA,single_direct_prediction_to_reference_all_mapped_nonloop_CA_Kabsch,1b9db6ca1aa5aca0dbc8e635706c959d7da98b6b8e4c14fb37461cd0b5ee22cd,d0b087d9bac6ad5fa1f73c2efcbb5cfa077f4937bf1dd13ad9e0b27a94d3c2b9,286bff8bde19bcfd91a8aeb00dae1247eb00976794120d44315ccc6c4865c5c6,route_process_and_children_cumulative_plus_exact_measured_preparation_reuse,6c2330e612f4c2000d9965bd45d666c3ca26a74473b994b5ba4c513a06bb5ed8,routing/qualification/budgeted_run/runs/bench48_repaired_20260920/production/6c2330e612f4c2000d9965bd45d666c3ca26a74473b994b5ba4c513a06bb5ed8/rows/14/terminal.json,
P95,15,ws280,ws:W-D02-0,H30-8b4fa870dc66499b,48,True,VALID,COMPLETE,True,True,18.882989169000002,18.882989169000002,0,False,18.882989169000002,10.747575909548674,14.676705780992052,0.016790025008958764,POLICY_DELIVERY,,0.9011700589151798,0.3896711389908005,-46.25015630677466,-172.97498265545866,WS_SOURCE_FRAME_BACKBONE_RMSD,17,91,1.0286474664374399,0.38879247312160387,13,91,78,AVAILABLE,CA,single_direct_prediction_to_reference_all_mapped_nonloop_CA_Kabsch,6cb56604f7961237538a80969cb3158bb1784a25b9c4592e9f1cc18a1fb8b558,7e4542883e5a2e0646c267222aef41de58a29c14daddff322dfc482546b26315,c56ba5dd30981ffde30c1558bef4a093a64f84c4f23f6b0cbe7eff827487c543,route_process_and_children_cumulative_plus_exact_measured_preparation_reuse,6c2330e612f4c2000d9965bd45d666c3ca26a74473b994b5ba4c513a06bb5ed8,routing/qualification/budgeted_run/runs/bench48_repaired_20260920/production/6c2330e612f4c2000d9965bd45d666c3ca26a74473b994b5ba4c513a06bb5ed8/rows/15/terminal.json,
P95,16,ws280,ws:S-N-1dwkA-24-27-0,H30-e477322d87caa3c9,48,True,VALID,COMPLETE,True,True,20.477656262999997,20.477656262999997,0,False,20.477656262999997,9.091349250263733,16.201085253007477,19.473065534999478,POLICY_DELIVERY,,0.1831104495624514,0.058831173039954165,-40.98121757345927,-144.55812737274618,WS_SOURCE_FRAME_BACKBONE_RMSD,16,155,0.2573199544710412,0.056563871456814525,6,155,149,AVAILABLE,CA,single_direct_prediction_to_reference_all_mapped_nonloop_CA_Kabsch,3252996b97acb6a1e048ce0a44c4cad14aea72f04457b1796058ea31dc801c30,64ca6480b826b415f556cadfdd2e69d586872720a6efc88b9aa952463969eb59,cd5c7c8b85807ec38e41c772aa0a2a10fc294bb2966a5f5a35c81db77370b78c,route_process_and_children_cumulative_plus_exact_measured_preparation_reuse,6c2330e612f4c2000d9965bd45d666c3ca26a74473b994b5ba4c513a06bb5ed8,routing/qualification/budgeted_run/runs/bench48_repaired_20260920/production/6c2330e612f4c2000d9965bd45d666c3ca26a74473b994b5ba4c513a06bb5ed8/rows/16/terminal.json,
P95,17,ws280,ws:S-R03-0,H30-7048216324104d26,48,True,VALID,COMPLETE,True,True,237.41260011699998,234.528882961,2.8837171559999994,False,234.528882961,190.0782145275879,226.5108491209976,0.02534496400039643,POLICY_DELIVERY,,2.347584854142165,1.2042932785751463,98.69107945580971,232.98824330115553,WS_SOURCE_FRAME_BACKBONE_RMSD,13,136,1.487735394892846,1.252016070359307,10,136,126,AVAILABLE,CA,single_direct_prediction_to_reference_all_mapped_nonloop_CA_Kabsch,6ee052cfc8a550459d1e268ba8fbd027a4ff4c7852a57eba043399dfd5f480e3,52bb9c59e47debbd694ab7bc04c348789edc4fa56db6607971f39f5cb4cfaa62,f5aef6df1ae420e7d21c4c4e739136c86179f91ae14d8d56d1a4aa3345440635,route_process_and_children_cumulative_plus_exact_measured_preparation_reuse,6c2330e612f4c2000d9965bd45d666c3ca26a74473b994b5ba4c513a06bb5ed8,routing/qualification/budgeted_run/runs/bench48_repaired_20260920/production/6c2330e612f4c2000d9965bd45d666c3ca26a74473b994b5ba4c513a06bb5ed8/rows/17/terminal.json,
P95,18,ws280,ws:S-D06-0,H30-0ac16984a084686f,48,True,VALID,COMPLETE,True,True,16.896094146,16.896094146,0,False,16.896094146,8.465511646147823,12.779252956999699,3.3858263030124363,POLICY_DELIVERY,,0.12077782474465631,0.04636494834309667,-31.27681594128878,-128.6714465881164,WS_SOURCE_FRAME_BACKBONE_RMSD,14,95,0.22635797372573602,0.04915022878215361,4,95,91,AVAILABLE,CA,single_direct_prediction_to_reference_all_mapped_nonloop_CA_Kabsch,0d81e7768986d5d6ba1ec6bbb4aa0a945e477cb70fb204ade95a8fa55bf8a09c,b3c3fa5280582e106af1c3f8db9161935015349feb8d28c17f5cd248c8d84b23,a6c35b611d1ab0a4eaf987638e6d40fce8b9b3fdf90f9c25aa9dc4d42e74b6a1,route_process_and_children_cumulative_plus_exact_measured_preparation_reuse,6c2330e612f4c2000d9965bd45d666c3ca26a74473b994b5ba4c513a06bb5ed8,routing/qualification/budgeted_run/runs/bench48_repaired_20260920/production/6c2330e612f4c2000d9965bd45d666c3ca26a74473b994b5ba4c513a06bb5ed8/rows/18/terminal.json,
P95,19,ws280,ws:S-N-4bfoA-62-66-0,H30-bb66adce5be248b4,48,True,VALID,COMPLETE,True,True,17.936975484999998,17.936975484999998,0,False,17.936975484999998,8.925093789495504,13.877070137008559,3.747870346996933,POLICY_DELIVERY,,0.5147473397525923,0.20614161013799676,-55.64208428638412,-202.7456437692244,WS_SOURCE_FRAME_BACKBONE_RMSD,17,106,0.8777796406763281,0.2274124038757615,7,106,99,AVAILABLE,CA,single_direct_prediction_to_reference_all_mapped_nonloop_CA_Kabsch,d6db55cfb0a65ab2981a95bb91f6d05936fb4074580aacb23b3566dbb5b47c64,db68fc9cfebff4b6d69f6c1fd253667fa5ed02e105f39f5fdbad8c6fb40a5e4a,0fcafd747633c441baa62bc1a48e0374d489983a558fa2ac1dff892b7200e92d,route_process_and_children_cumulative_plus_exact_measured_preparation_reuse,6c2330e612f4c2000d9965bd45d666c3ca26a74473b994b5ba4c513a06bb5ed8,routing/qualification/budgeted_run/runs/bench48_repaired_20260920/production/6c2330e612f4c2000d9965bd45d666c3ca26a74473b994b5ba4c513a06bb5ed8/rows/19/terminal.json,
P95,20,ws280,ws:S-R04-0,H30-46053e2d52453997,48,True,VALID,COMPLETE,True,True,471.881902251,471.881902251,0,False,471.881902251,442.68411272613014,466.43634226899303,0.01932255800056737,POLICY_DELIVERY,,7.449748663718742,3.6683160491001066,-10.039228305182181,-80.18438088785643,WS_SOURCE_FRAME_BACKBONE_RMSD,19,83,9.75127988410031,3.648171583988624,11,83,72,AVAILABLE,CA,single_direct_prediction_to_reference_all_mapped_nonloop_CA_Kabsch,9177c77c3f48c0762c3d87f10b8520b2f30d11c93b7a3d4fd8fc090af6b4ce99,0e90b799089f14e0ec0853dcba626530f6ab9eefc24f65a903f5561a4e2be212,f89cbb2799c2e819751cb85683ffaee58dc7fc35f43d5745b568d8af9142262d,route_process_and_children_cumulative_plus_exact_measured_preparation_reuse,6c2330e612f4c2000d9965bd45d666c3ca26a74473b994b5ba4c513a06bb5ed8,routing/qualification/budgeted_run/runs/bench48_repaired_20260920/production/6c2330e612f4c2000d9965bd45d666c3ca26a74473b994b5ba4c513a06bb5ed8/rows/20/terminal.json,
P95,21,ws280,ws:S-D08-0,H30-0ff41df978fc6f9a,48,True,VALID,COMPLETE,True,True,45.09497054,45.09497054,0,False,45.09497054,28.42681954121362,40.408352245998685,20.29127302300185,POLICY_DELIVERY,,0.15801539091841027,0.04680019444004478,-32.42747307954361,-170.2122632395314,WS_SOURCE_FRAME_BACKBONE_RMSD,15,171,0.23459266758296674,0.042611672231986496,5,171,166,AVAILABLE,CA,single_direct_prediction_to_reference_all_mapped_nonloop_CA_Kabsch,54ef360d4f0168c68da3c499d02b6f76fb2bcb74136c48d9ab41066edf476c30,50bb10214005713fb079eac4853b501eb2e1d740de7093a756649d31c4c704d1,39b4128a2bde6ad2404c86689c66395dfbb845414e78ee1f39c5a212d3bcc109,route_process_and_children_cumulative_plus_exact_measured_preparation_reuse,6c2330e612f4c2000d9965bd45d666c3ca26a74473b994b5ba4c513a06bb5ed8,routing/qualification/budgeted_run/runs/bench48_repaired_20260920/production/6c2330e612f4c2000d9965bd45d666c3ca26a74473b994b5ba4c513a06bb5ed8/rows/21/terminal.json,
P95,22,ws280,ws:S-N-1fltX-47-52-0,H30-4d5cd78029b396ef,48,True,VALID,COMPLETE,True,True,18.190429595,18.190429595,0,False,18.190429595,9.22482607461582,14.003359304988408,23.557393459006562,POLICY_DELIVERY,,0.46210436740358357,0.2011474874157851,-11.561681430533975,-12.148231325945028,WS_SOURCE_FRAME_BACKBONE_RMSD,18,95,0.6032148790152866,0.1782087327833951,8,95,87,AVAILABLE,CA,single_direct_prediction_to_reference_all_mapped_nonloop_CA_Kabsch,3cf06ef451a83b8054470f578b7ebeb754536967d1bdbcf519f5d648210be265,21e409d286fd9020b362b2eb50222ee98d571db083909ca6caa0740d861a4a0a,9cc984e6d39e50bb92149d17c61bbb8f8926921096bf4296e52d305db725a6cd,route_process_and_children_cumulative_plus_exact_measured_preparation_reuse,6c2330e612f4c2000d9965bd45d666c3ca26a74473b994b5ba4c513a06bb5ed8,routing/qualification/budgeted_run/runs/bench48_repaired_20260920/production/6c2330e612f4c2000d9965bd45d666c3ca26a74473b994b5ba4c513a06bb5ed8/rows/22/terminal.json,
P95,23,ws280,ws:S-R02-0,H30-9e81484566871a14,48,True,VALID,COMPLETE,True,True,45.44552666599999,45.44552666599999,0,False,45.44552666599999,29.32028601325894,40.648436182003934,42.026558072000626,POLICY_DELIVERY,,0.7298941517793092,0.24709140701829937,-30.213046800838466,-187.6278681701565,WS_SOURCE_FRAME_BACKBONE_RMSD,13,163,0.6649861735004732,0.22446298434020062,13,163,150,AVAILABLE,CA,single_direct_prediction_to_reference_all_mapped_nonloop_CA_Kabsch,6a7af72fa531c4cf4f92b275e2f3d41795b98d4abcaacd61f30ad70e0cc7f9ce,85e0e403447a2b3ca19c4d4e821ef79085d953e5a0842d0b7b9dcb99ce6d4aa0,48ed2aa7d43ee5f8b319b4ab6bffe0751f46e52a5304d0cc9283c357eec1709b,route_process_and_children_cumulative_plus_exact_measured_preparation_reuse,6c2330e612f4c2000d9965bd45d666c3ca26a74473b994b5ba4c513a06bb5ed8,routing/qualification/budgeted_run/runs/bench48_repaired_20260920/production/6c2330e612f4c2000d9965bd45d666c3ca26a74473b994b5ba4c513a06bb5ed8/rows/23/terminal.json,
P95,24,ws280,ws:S-D04-0,H30-f00f0ee709c4fefa,48,True,VALID,COMPLETE,True,True,21.572345338999998,21.572345338999998,0,False,21.572345338999998,9.810441481558794,16.783593176995055,23.653688254998997,POLICY_DELIVERY,,0.15587260137966985,0.04979170519483299,-51.06145104001426,-129.16700916129184,WS_SOURCE_FRAME_BACKBONE_RMSD,15,147,0.2146085367023214,0.043479457715148995,6,147,141,AVAILABLE,CA,single_direct_prediction_to_reference_all_mapped_nonloop_CA_Kabsch,ea7331cd7d17c3a931f5589f6832babdc6328e9789ad7e36090d6012e6cf2576,a0096b0ecbce94c31de284631871d6860416edda1d220b720f44c3f44eb50acd,ad420fa1f7c24e1c2f4e4187e0dddb6440a9d0892cb8f4d3263eef31f3750da5,route_process_and_children_cumulative_plus_exact_measured_preparation_reuse,6c2330e612f4c2000d9965bd45d666c3ca26a74473b994b5ba4c513a06bb5ed8,routing/qualification/budgeted_run/runs/bench48_repaired_20260920/production/6c2330e612f4c2000d9965bd45d666c3ca26a74473b994b5ba4c513a06bb5ed8/rows/24/terminal.json,
P95,25,ws280,ws:S-N-2j7jA-28-31-0,H30-754a801456e03df6,48,True,VALID,COMPLETE,True,True,18.062252202999996,18.062252202999996,0,False,18.062252202999996,9.95255843773704,14.028455313004088,4.880162551999092,POLICY_DELIVERY,,0.18228365312867179,0.07908582324391865,-22.668096580185686,-41.26850567297671,WS_SOURCE_FRAME_BACKBONE_RMSD,16,85,0.22489769205772278,0.0743424377525249,9,85,76,AVAILABLE,CA,single_direct_prediction_to_reference_all_mapped_nonloop_CA_Kabsch,41c09470502f7d87bb7b50a70be6682ac4d7aaf8cf32e1904fd836da9187ba6e,894d8717bb702d8c75bde64cf5cc6e56990774a20d62281c4fb0618966ebe330,ca30c62fd4b6db49ef4cfe4b52d0c0530b46fb6593cec05fe83ba2c2b5d2b0e7,route_process_and_children_cumulative_plus_exact_measured_preparation_reuse,6c2330e612f4c2000d9965bd45d666c3ca26a74473b994b5ba4c513a06bb5ed8,routing/qualification/budgeted_run/runs/bench48_repaired_20260920/production/6c2330e612f4c2000d9965bd45d666c3ca26a74473b994b5ba4c513a06bb5ed8/rows/25/terminal.json,
P95,26,ws280,ws:S-R01-0,H30-e5f59827aa5aa6e5,48,True,VALID,COMPLETE,True,True,303.779917615,303.779917615,0,False,303.779917615,271.1913310647525,297.27928376999625,19.107102199996007,POLICY_DELIVERY,,1.0357023897740691,1.202944631672661,-21.323115830533766,-49.40667683093136,WS_SOURCE_FRAME_BACKBONE_RMSD,13,156,0.874203155090481,1.1840667219735341,17,156,139,AVAILABLE,CA,single_direct_prediction_to_reference_all_mapped_nonloop_CA_Kabsch,b0d6cbcfed91e68931e101c88f291d103f6e31eae4bd741185d40c4ad0ab460b,3fced0752d7c1d7b971599dec8adf3ee73ecc6da3227654a87a285d01f6d3d02,1c2d77a8888d7e3b912d3c8560f3abc5708505ac514e6c700f947521006b8d34,route_process_and_children_cumulative_plus_exact_measured_preparation_reuse,6c2330e612f4c2000d9965bd45d666c3ca26a74473b994b5ba4c513a06bb5ed8,routing/qualification/budgeted_run/runs/bench48_repaired_20260920/production/6c2330e612f4c2000d9965bd45d666c3ca26a74473b994b5ba4c513a06bb5ed8/rows/26/terminal.json,
P95,27,ws280,ws:S-D05-0,H30-68dd481407bacaed,48,True,VALID,COMPLETE,True,True,25.840980904,25.840980904,0,False,25.840980904,14.46155389913161,21.193688838000526,4.704084254000918,POLICY_DELIVERY,,0.1636058120662183,0.05763198077574446,-33.95397986478074,73.13044364742082,WS_SOURCE_FRAME_BACKBONE_RMSD,17,137,0.19053152242617674,0.05100322743544876,7,137,130,AVAILABLE,CA,single_direct_prediction_to_reference_all_mapped_nonloop_CA_Kabsch,f8fb12fc48dec904522f9101f3a5fd48f01a8257b7f61fb7c5aed41c0d55f598,af336e6c6bbcd6963db0e4a6601510f95fbf965dccd7d3555308174412532549,11106275ce55c7dacff18ecef0a0dd109046e543dabc46f49a934bedc8880ba3,route_process_and_children_cumulative_plus_exact_measured_preparation_reuse,6c2330e612f4c2000d9965bd45d666c3ca26a74473b994b5ba4c513a06bb5ed8,routing/qualification/budgeted_run/runs/bench48_repaired_20260920/production/6c2330e612f4c2000d9965bd45d666c3ca26a74473b994b5ba4c513a06bb5ed8/rows/27/terminal.json,
P95,28,ws280,ws:S-N-2rjiA-34-41-0,H30-a209684961e38d8d,48,True,VALID,COMPLETE,True,True,17.959286851,17.959286851,0,False,17.959286851,9.465558029936792,13.937062883007457,19.100699987000553,POLICY_DELIVERY,,0.33389269489944595,0.16292297331529515,-31.566139235595244,-89.58120332130912,WS_SOURCE_FRAME_BACKBONE_RMSD,20,84,0.42319389968275634,0.1465284138720738,10,84,74,AVAILABLE,CA,single_direct_prediction_to_reference_all_mapped_nonloop_CA_Kabsch,7eff219f0a11651c5e7583bb622de395c266b3affcc76da284eb996e80afffe3,cadd5423ab4d0fd669b500dd7f727742a1ddec9658afa8b7cceb0d01d78b4c94,412a47561820ec08f71462f2521a3a4bc05e866e3d4988e5099a2b7c2d998c12,route_process_and_children_cumulative_plus_exact_measured_preparation_reuse,6c2330e612f4c2000d9965bd45d666c3ca26a74473b994b5ba4c513a06bb5ed8,routing/qualification/budgeted_run/runs/bench48_repaired_20260920/production/6c2330e612f4c2000d9965bd45d666c3ca26a74473b994b5ba4c513a06bb5ed8/rows/28/terminal.json,
P95,29,ws280,ws:S-D13-0,H30-8d721988086f54c5,48,True,VALID,COMPLETE,True,True,314.872156935,314.872156935,0,False,314.872156935,314.3179988509027,309.5862826819939,12.29403798301064,POLICY_DELIVERY,,1.7228646350864982,0.6579298153526466,-22.396962522323822,-121.02565066936937,WS_SOURCE_FRAME_BACKBONE_RMSD,14,96,1.6937650769129053,0.5988364026312543,12,96,84,AVAILABLE,CA,single_direct_prediction_to_reference_all_mapped_nonloop_CA_Kabsch,cb99b1d6288c20480294a1c0e459fd1f093bccd6771cf79fedf2d72bc5d38d45,213627fcbcf6d08bf000d7feb9414180d5739d819f2f80940ac520d1784bde3f,e966c8e1e99029dee54ab40c7ffcf33be576727fc0a8247f22ae5b454f9ba600,route_process_and_children_cumulative_plus_exact_measured_preparation_reuse,6c2330e612f4c2000d9965bd45d666c3ca26a74473b994b5ba4c513a06bb5ed8,routing/qualification/budgeted_run/runs/bench48_repaired_20260920/production/6c2330e612f4c2000d9965bd45d666c3ca26a74473b994b5ba4c513a06bb5ed8/rows/29/terminal.json,
P95,30,ws280,ws:S-N-1eyhA-14-22-0,H30-d96146015e38c8fd,48,True,VALID,COMPLETE,True,True,24.063640536,24.063640536,0,False,24.063640536,12.534758336627588,19.688622229994508,26.94524509400071,POLICY_DELIVERY,,0.507666162384958,0.19386823383255294,-51.599885637461355,-267.609411201257,WS_SOURCE_FRAME_BACKBONE_RMSD,21,144,0.6358104999013758,0.17699731000824057,11,144,133,AVAILABLE,CA,single_direct_prediction_to_reference_all_mapped_nonloop_CA_Kabsch,0190bc9ba7c9a5ac81f78681ae944979cf9af64a532c9338c978196ff6247aef,81f632d9787027c81ca55409b2172e4fbb208c87763f14b93958eee9c2c973c8,286bff8bde19bcfd91a8aeb00dae1247eb00976794120d44315ccc6c4865c5c6,route_process_and_children_cumulative_plus_exact_measured_preparation_reuse,6c2330e612f4c2000d9965bd45d666c3ca26a74473b994b5ba4c513a06bb5ed8,routing/qualification/budgeted_run/runs/bench48_repaired_20260920/production/6c2330e612f4c2000d9965bd45d666c3ca26a74473b994b5ba4c513a06bb5ed8/rows/30/terminal.json,
P95,31,ws280,ws:S-D02-0,H30-8b4fa870dc66499b,48,True,VALID,COMPLETE,True,True,18.987591842,18.987591842,0,False,18.987591842,10.729458884663632,14.951434204995167,4.282050818990683,POLICY_DELIVERY,,0.22287893641928413,0.09658637302490493,-44.511235772544154,-166.29196009982155,WS_SOURCE_FRAME_BACKBONE_RMSD,17,91,0.2424598762081158,0.09336418994497243,13,91,78,AVAILABLE,CA,single_direct_prediction_to_reference_all_mapped_nonloop_CA_Kabsch,554082153b7f716f4f3bba6c03d424ee50c99ff14c2c78264c7f26b2d6529538,e6e58571e1819eb4dc5bcdca04d02c18471e43eefcf8816670fc61cbb6b2fd3f,c56ba5dd30981ffde30c1558bef4a093a64f84c4f23f6b0cbe7eff827487c543,route_process_and_children_cumulative_plus_exact_measured_preparation_reuse,6c2330e612f4c2000d9965bd45d666c3ca26a74473b994b5ba4c513a06bb5ed8,routing/qualification/budgeted_run/runs/bench48_repaired_20260920/production/6c2330e612f4c2000d9965bd45d666c3ca26a74473b994b5ba4c513a06bb5ed8/rows/31/terminal.json,
P95,32,hard83,hard:3926815f2defbaf80b3c3e5899086c4b510473903487f0da3aa0ead637a58846,H30-14db69c3c834cc74,48,True,VALID,COMPLETE,True,True,45.097862537,45.097862537,0,False,45.097862537,21.916148767179685,37.326329269999405,4.3384796119935345,POLICY_DELIVERY,,2.2836732875233725,0.46258123608309043,-7.8802129493062045,-740.3755599615843,HARD83_CA_RMSD,16,403,2.2836732875233783,0.4625812360830915,16,403,387,AVAILABLE,CA,single_direct_prediction_to_reference_all_mapped_nonloop_CA_Kabsch,a2441f146af2e82b60c5ef374b6351c3ad7db294829ac41b29873421e7b4cfa3,630b9def1c7106d7c902ddfb61807f32b468dbc4429bf2d7bfe35c9057b6d2bc,e831f33a29028d55ffa6b796c888d349267789dff5212b0f1c1cbdbf1f417ddf,route_process_and_children_cumulative_plus_exact_measured_preparation_reuse,6c2330e612f4c2000d9965bd45d666c3ca26a74473b994b5ba4c513a06bb5ed8,routing/qualification/budgeted_run/runs/bench48_repaired_20260920/production/6c2330e612f4c2000d9965bd45d666c3ca26a74473b994b5ba4c513a06bb5ed8/rows/32/terminal.json,
P95,33,hard83,hard:4f25d222be8201299c1d3e9a28dbe6900355f01fecd72c31cc54bbca1abe15d5,H30-7b4828b92c676bd3,48,True,VALID,COMPLETE,True,True,61.444457851,61.444457851,0,False,61.444457851,31.029776009125005,54.57654410500254,10.060567046006327,POLICY_DELIVERY,,2.4019977030644153,0.5131746899026657,-0.7300216545821956,-589.6895771120955,HARD83_CA_RMSD,16,376,2.401997703064418,0.5131746899026661,16,376,360,AVAILABLE,CA,single_direct_prediction_to_reference_all_mapped_nonloop_CA_Kabsch,a7bba473ccc8f182784e9dd2f54181dab925cf12adeac8afe9755a9ebd2b2260,be6096bfd63f046f5be66a8ead3ecd10239a2887d93c858e4d888530682984a3,37c4458780dd96d7f2c1d7249d67be8feddd6641b77a5cdc4a71d148af4cb0dc,route_process_and_children_cumulative_plus_exact_measured_preparation_reuse,6c2330e612f4c2000d9965bd45d666c3ca26a74473b994b5ba4c513a06bb5ed8,routing/qualification/budgeted_run/runs/bench48_repaired_20260920/production/6c2330e612f4c2000d9965bd45d666c3ca26a74473b994b5ba4c513a06bb5ed8/rows/33/terminal.json,
P95,34,hard83,hard:66033fb723cda03be42b21da58fb0eaa624eaec20eb6c2a738cfe2d4edb583a3,H30-68b88ac905e29e26,48,True,VALID,COMPLETE,True,True,56.235487127000006,56.235487127000006,0,False,56.235487127000006,29.7440512236875,47.79430488799699,26.66929361599614,POLICY_DELIVERY,,0.7488530108227058,0.19755891079664556,13.035847637668768,-436.19956473220327,HARD83_CA_RMSD,16,310,0.7488530108227042,0.19755891079664423,16,310,294,AVAILABLE,CA,single_direct_prediction_to_reference_all_mapped_nonloop_CA_Kabsch,9af730c27a91e3545bd881dacdacb1e0d433498de6c8a731ddfbfa723d50760c,ee9c1c81ab674dcdcd006a9f743d20b3aacb84163bbec5a061e80b4ab2c4f232,d305c009f8edf69fb365b700b5f4ca03fed77ac632392cc7420b88376bc5adfa,route_process_and_children_cumulative_plus_exact_measured_preparation_reuse,6c2330e612f4c2000d9965bd45d666c3ca26a74473b994b5ba4c513a06bb5ed8,routing/qualification/budgeted_run/runs/bench48_repaired_20260920/production/6c2330e612f4c2000d9965bd45d666c3ca26a74473b994b5ba4c513a06bb5ed8/rows/34/terminal.json,
P95,35,hard83,hard:6ca33dcf8a3d129b198239f122e7696f3159b6bd027ff8e9938cc954893c3796,H30-a184dfdecef9082a,48,True,VALID,COMPLETE,True,True,711.5179180789999,700.1225251589999,11.395392919999999,False,700.1225251589999,471.01267922893123,650.3560866780026,7.822598622995429,POLICY_DELIVERY,,2.343425383360622,0.3719839985510807,90.26709969050209,735.9885344608406,HARD83_CA_RMSD,16,635,2.3434253833606227,0.3719839985510809,16,635,619,AVAILABLE,CA,single_direct_prediction_to_reference_all_mapped_nonloop_CA_Kabsch,30a1d61882b5fefc02876c17cbc954d79477747dbdd9734bd39ecfaf3c04e462,aa2a8f86063088e52cdb47ae0c588023c13d66258a6d387f95282b51d553377d,82b0275b3a38ff51c91551c00f5a3b2180b3b4a0a9eeadc8a9027f4701f0597c,route_process_and_children_cumulative_plus_exact_measured_preparation_reuse,6c2330e612f4c2000d9965bd45d666c3ca26a74473b994b5ba4c513a06bb5ed8,routing/qualification/budgeted_run/runs/bench48_repaired_20260920/production/6c2330e612f4c2000d9965bd45d666c3ca26a74473b994b5ba4c513a06bb5ed8/rows/35/terminal.json,
P95,36,hard83,hard:7a27ec6ff9d898b60b0cdff87a244605027f4bc2a9096999f7edf0764f7a894b,H30-a792f43f2dedfd22,48,True,VALID,COMPLETE,True,True,102.53886415299999,102.53886415299999,0,False,102.53886415299999,43.22301174174999,92.16378113000246,30.631735560004017,POLICY_DELIVERY,,3.1848471057124916,0.5572770949059298,21.179930459367363,-803.1107689505195,HARD83_CA_RMSD,16,543,3.184847105712499,0.5572770949059312,16,543,527,AVAILABLE,CA,single_direct_prediction_to_reference_all_mapped_nonloop_CA_Kabsch,1df4ffe3b29fb4acd114f1388fd535dcd2c44848d7228b0b87b2fc4ac617d90b,229b8216a4f77a0e70ff870ac070e884d63be237f991ed046e02c66c1da37c8e,32bab1b1ddb973d925d3d75620e99287fea00f9b191f217540ac4c0d3e1432a0,route_process_and_children_cumulative_plus_exact_measured_preparation_reuse,6c2330e612f4c2000d9965bd45d666c3ca26a74473b994b5ba4c513a06bb5ed8,routing/qualification/budgeted_run/runs/bench48_repaired_20260920/production/6c2330e612f4c2000d9965bd45d666c3ca26a74473b994b5ba4c513a06bb5ed8/rows/36/terminal.json,
P95,37,hard83,hard:8a290393047af506c8fe17ef8883dbb272815d1bc8b647a6ddf10dadaea8e265,H30-96d014d4a924c0a3,48,True,VALID,COMPLETE,True,True,86.42040219699999,86.42040219699999,0,False,86.42040219699999,43.675004546375,77.66927337901143,5.032384903010097,POLICY_DELIVERY,,3.278921603588605,0.6279479133594381,-3.7896813923553263,-592.8495656097616,HARD83_CA_RMSD,16,468,3.278921603588605,0.6279479133594382,16,468,452,AVAILABLE,CA,single_direct_prediction_to_reference_all_mapped_nonloop_CA_Kabsch,7a69ad8daa8c04c1de86faf2c1c01da4b0fed523c95341bbf325196d27f33dc2,a5469cfcba399590ca1d161d66764c9869f447419e6f1311a22367b11f8abf8a,de17bfd0011c3436976fa91349a5d34b5153e4c705ab05e9e4b663c01a752bfa,route_process_and_children_cumulative_plus_exact_measured_preparation_reuse,6c2330e612f4c2000d9965bd45d666c3ca26a74473b994b5ba4c513a06bb5ed8,routing/qualification/budgeted_run/runs/bench48_repaired_20260920/production/6c2330e612f4c2000d9965bd45d666c3ca26a74473b994b5ba4c513a06bb5ed8/rows/37/terminal.json,
P95,38,hard83,hard:9b19407410e182f0b481f9bc027700ec74ff01961d5cedd614c1db18a17b7a0c,H30-a94c9fd85fdca179,48,True,VALID,COMPLETE,True,True,60.31700471399999,60.31700471399999,0,False,60.31700471399999,31.42233210021094,51.96218895399943,32.29212813000777,POLICY_DELIVERY,,2.839448256599446,0.547047268453646,-18.542188747091398,-772.0984742681368,HARD83_CA_RMSD,16,452,2.8394482565994483,0.5470472684536464,16,452,436,AVAILABLE,CA,single_direct_prediction_to_reference_all_mapped_nonloop_CA_Kabsch,104ffaf702d93ddb8c828ac0e872eb93f82ed966f7c04d720017a9e11f81f2e9,498f4d6ce97bf23f906f0737ec569cfa9d23d5ed32e5a8f3a9a3c53f712ce4e4,db5f5d44667d1af3b06df1b56aed3f91df453678a6ea817de993d875765eaf33,route_process_and_children_cumulative_plus_exact_measured_preparation_reuse,6c2330e612f4c2000d9965bd45d666c3ca26a74473b994b5ba4c513a06bb5ed8,routing/qualification/budgeted_run/runs/bench48_repaired_20260920/production/6c2330e612f4c2000d9965bd45d666c3ca26a74473b994b5ba4c513a06bb5ed8/rows/38/terminal.json,
P95,39,hard83,hard:acd718793091aa45326b75976f578304ed7fa26fe816acf9e03efeab33ab2ff9,H30-8cb67708d34b6b0c,48,True,VALID,COMPLETE,True,True,46.909395952000004,46.909395952000004,0,False,46.909395952000004,24.32079759896875,37.7247771830007,12.457463507991633,POLICY_DELIVERY,,1.4177910579584185,0.36280053562281855,0.9846393995517264,-266.83998704468866,HARD83_CA_RMSD,16,269,1.4177910579584163,0.3628005356228177,16,269,253,AVAILABLE,CA,single_direct_prediction_to_reference_all_mapped_nonloop_CA_Kabsch,2619d0090adedc95cf0ee9d05320e4dfa3026ba0be9039d4079e76f3d9b1af34,645e582f62504cb7a3e511aa05c192e042f27da1974c5655224ffe526fed98a0,9309dcc8e8fab5cf0e0a9ddbc9bef2d6a4d7a5945e60666739445a58ed7d3fdc,route_process_and_children_cumulative_plus_exact_measured_preparation_reuse,6c2330e612f4c2000d9965bd45d666c3ca26a74473b994b5ba4c513a06bb5ed8,routing/qualification/budgeted_run/runs/bench48_repaired_20260920/production/6c2330e612f4c2000d9965bd45d666c3ca26a74473b994b5ba4c513a06bb5ed8/rows/39/terminal.json,
P95,40,hard83,hard:448afa05a677a0f18d2ea00bb533bc3e4309d8df97763d8f82d79d82e9697c96,H30-6e3f83f75c8dec0b,48,True,VALID,COMPLETE,True,True,523.7286849919999,523.7286849919999,0,False,523.7286849919999,423.05951865057096,515.5749421430082,23.690042360001826,POLICY_DELIVERY,,0.4698670788060506,0.0781755759247229,-12.267644304376134,-416.797349605125,HARD83_CA_RMSD,8,289,0.46986707880604717,0.07817557592472232,8,289,281,AVAILABLE,CA,single_direct_prediction_to_reference_all_mapped_nonloop_CA_Kabsch,13fe411b3d4cdd21397c5190c4d73e057e23c5fec46609fc1db2fe75423cae1b,96eeb84570fb8f6ce0cb4d35c81d621abcc4fe0b0c1a840d153f28f6bae42b83,cf0be8e483181947f3a7d13cd2488c9d6565bc5a3d0717dfdd767a307004beba,route_process_and_children_cumulative_plus_exact_measured_preparation_reuse,6c2330e612f4c2000d9965bd45d666c3ca26a74473b994b5ba4c513a06bb5ed8,routing/qualification/budgeted_run/runs/bench48_repaired_20260920/production/6c2330e612f4c2000d9965bd45d666c3ca26a74473b994b5ba4c513a06bb5ed8/rows/40/terminal.json,
P95,41,hard83,hard:0cfc0d39e2b43e4ca778b54dce75a3ce17027943d5eb45ab34fa3b45c87f7fcf,H30-8d94750e106e103c,48,True,VALID,COMPLETE,True,True,20.712231647000003,20.712231647000003,0,False,20.712231647000003,12.333134443937505,14.804127233001054,32.79478155099787,POLICY_DELIVERY,,7.22624271293079,2.2076855552610373,-24.734733187449272,149.27456054057245,HARD83_CA_RMSD,12,129,7.226242712930792,2.2076855552610377,12,129,117,AVAILABLE,CA,single_direct_prediction_to_reference_all_mapped_nonloop_CA_Kabsch,b6dcfae08fd6947a7f297e4390d2eb6b2deb12d217020bb7250c488649b4e154,3b4e9d3ddff1a32d21aef5f86b5417ffdb64e466d0466e162d53d990628af658,7cc587014b67fb6649464c123a1b6d5124b5292d2735b0ffb7dfad9c6b11657b,route_process_and_children_cumulative_plus_exact_measured_preparation_reuse,6c2330e612f4c2000d9965bd45d666c3ca26a74473b994b5ba4c513a06bb5ed8,routing/qualification/budgeted_run/runs/bench48_repaired_20260920/production/6c2330e612f4c2000d9965bd45d666c3ca26a74473b994b5ba4c513a06bb5ed8/rows/41/terminal.json,
P95,42,hard83,hard:0393f3b3f3c71b265946ccd11442163d34e5cdffbe17baf43ce06464d3a669ae,H30-929e369fb803878a,48,True,VALID,COMPLETE,True,True,1655.8539830940001,1655.8539830940001,0,False,1655.8539830940001,1623.430126239047,1637.515137274997,16.30496942800528,POLICY_DELIVERY,,3.0345029169500806,0.718993758964829,-3.447050128334961,-337.1594577275654,HARD83_CA_RMSD,16,285,3.0345029169500815,0.7189937589648293,16,285,269,AVAILABLE,CA,single_direct_prediction_to_reference_all_mapped_nonloop_CA_Kabsch,ad5381b2c6f394fefaf46e5da46391cd79286d1718f2ed6735d8d36a502a11e1,01246a5664c9523e00694bed7fc64c92e57d8f3b6e989baec03b0bd7249a97e7,b9184e27cfac6b1218fd86933d25e0ded53ae1b5ba2239a3c2aa2829e0f2a63f,route_process_and_children_cumulative_plus_exact_measured_preparation_reuse,6c2330e612f4c2000d9965bd45d666c3ca26a74473b994b5ba4c513a06bb5ed8,routing/qualification/budgeted_run/runs/bench48_repaired_20260920/production/6c2330e612f4c2000d9965bd45d666c3ca26a74473b994b5ba4c513a06bb5ed8/rows/42/terminal.json,
P95,43,hard83,hard:9b16088ed764dd49aba3fd32fb7c35f6a024b99dbb8b29397fa3fcde7f677b18,H30-e6e425f39b53c17b,48,True,VALID,COMPLETE,True,True,452.428315385,452.428315385,0,False,452.428315385,331.74887302827426,444.4553659230005,23.27900148500339,POLICY_DELIVERY,,2.4613997750856025,0.4032914529817025,-5.3590029573363065,-535.8251511499951,HARD83_CA_RMSD,8,298,2.461399775085603,0.4032914529817025,8,298,290,AVAILABLE,CA,single_direct_prediction_to_reference_all_mapped_nonloop_CA_Kabsch,c6461c9c28a44b6ad757f6b9d8f0fe37c83d83e7dfcd418aa2bc2f06efaf26e2,fc4d4c3898d5e88f1f2971505ed57967403ac5fb57b34d8b1b5d3942f06d6fc8,07d42d0fea6e205b0032a52db5cdff12d54a481cd3051c2703f3060fcece75cd,route_process_and_children_cumulative_plus_exact_measured_preparation_reuse,6c2330e612f4c2000d9965bd45d666c3ca26a74473b994b5ba4c513a06bb5ed8,routing/qualification/budgeted_run/runs/bench48_repaired_20260920/production/6c2330e612f4c2000d9965bd45d666c3ca26a74473b994b5ba4c513a06bb5ed8/rows/43/terminal.json,
P95,44,hard83,hard:0f6d7075aaf29507491027139c421bf3437e54a00ecb9f81129495904e3f48b5,H30-cd3236b355613a5f,48,True,VALID,COMPLETE,True,True,46.48641718,46.48641718,0,False,46.48641718,24.87833909821875,40.23266596000758,5.798261177988024,POLICY_DELIVERY,,5.353491907024328,1.1134296063363374,11.609274538635113,-546.1911069504886,HARD83_CA_RMSD,12,279,5.353491907024329,1.1134296063363378,12,279,267,AVAILABLE,CA,single_direct_prediction_to_reference_all_mapped_nonloop_CA_Kabsch,befb59ea1d710170a1d2cf267b5df1aef534a5ac439c20a845c84d9d311290b6,fa1160e23a531d1479c2ce1d02f5877fff0db818680830a5f761a7be6ebccf07,ee23a608b043fb20786c0861fcc99d723523cc792a896b46ba2449f7a87d2c56,route_process_and_children_cumulative_plus_exact_measured_preparation_reuse,6c2330e612f4c2000d9965bd45d666c3ca26a74473b994b5ba4c513a06bb5ed8,routing/qualification/budgeted_run/runs/bench48_repaired_20260920/production/6c2330e612f4c2000d9965bd45d666c3ca26a74473b994b5ba4c513a06bb5ed8/rows/44/terminal.json,
P95,45,hard83,hard:1068df55ee33e05c1d0d5daf3cbae66621a99622bdec89b7d5baae7bf52e2c6f,H30-e606c00a8967ec92,48,True,VALID,COMPLETE,True,True,1573.2030346059998,1573.2030346059998,0,False,1573.2030346059998,1513.1356235463215,1559.7396245309938,4.462484569012304,POLICY_DELIVERY,,8.581857409050267,2.680521911125972,-43.42263270422264,-444.4339581938746,HARD83_CA_RMSD,16,164,8.581857409050272,2.680521911125974,16,164,148,AVAILABLE,CA,single_direct_prediction_to_reference_all_mapped_nonloop_CA_Kabsch,0df7eca8e21cd4f2693eb6ae1b511ded830b8464584137d9e1647ab63257ddeb,762dd948f1f8e2df35f820c0bdf43dd62fd07ed9ece8230debf5aff341609938,bfc790fa625877388f2167130bda2060611c0216ac260c45a60c6c1e1cef9471,route_process_and_children_cumulative_plus_exact_measured_preparation_reuse,6c2330e612f4c2000d9965bd45d666c3ca26a74473b994b5ba4c513a06bb5ed8,routing/qualification/budgeted_run/runs/bench48_repaired_20260920/production/6c2330e612f4c2000d9965bd45d666c3ca26a74473b994b5ba4c513a06bb5ed8/rows/45/terminal.json,
P95,46,hard83,hard:c1bbcf70cbcbbae5f27ced59a155b26504751a6088c521b2b7a67a1f8b73404c,H30-2ec6c5d94e3a02ca,48,True,VALID,COMPLETE,True,True,458.15542435099997,458.15542435099997,0,False,458.15542435099997,432.87138258959766,451.66400918900035,10.374256466995575,POLICY_DELIVERY,,6.063552570659398,1.368744271353981,-1.5890403318590993,-251.62867583634795,HARD83_CA_RMSD,8,157,6.063552570659399,1.3687442713539815,8,157,149,AVAILABLE,CA,single_direct_prediction_to_reference_all_mapped_nonloop_CA_Kabsch,7fb34c8eb161de9eda532127a45b4bb1eea309fc44fa024ce3da765c40f02e3b,586a8d9cf75dd53bf4f95c710a072d3a28cb33274f93f0b97c0f3419c4ab4feb,11197e6aebf522944dc7accee7a496e3704513c5bc35174d55ac410675dc3148,route_process_and_children_cumulative_plus_exact_measured_preparation_reuse,6c2330e612f4c2000d9965bd45d666c3ca26a74473b994b5ba4c513a06bb5ed8,routing/qualification/budgeted_run/runs/bench48_repaired_20260920/production/6c2330e612f4c2000d9965bd45d666c3ca26a74473b994b5ba4c513a06bb5ed8/rows/46/terminal.json,
P95,47,hard83,hard:1867e59e6d1ce7d2f1c935e5cd0731cd08d23fa52cc621b36da846a025da6373,H30-192c42ffbc1f9f74,48,True,VALID,COMPLETE,True,True,548.4543479040001,548.4543479040001,0,False,548.4543479040001,442.84717921257686,539.8637693189958,22.110723142992356,POLICY_DELIVERY,,0.3680908119607875,0.07788937213631195,-27.20102073210444,-394.3427861653235,HARD83_CA_RMSD,12,268,0.3680908119607862,0.07788937213631168,12,268,256,AVAILABLE,CA,single_direct_prediction_to_reference_all_mapped_nonloop_CA_Kabsch,f284fc905970a16e49835f8c5c9c4f357cab6e7209fd19d34ba7feaf4454a0b3,376bc69896e9b4107d0d4c57040a6e28303f17ce2c053a5fae1abaa2471d6c58,a0b03b8ee5d71f3657391c2a50dba3f5bcc8f119326d465792b111efa1bb7c17,route_process_and_children_cumulative_plus_exact_measured_preparation_reuse,6c2330e612f4c2000d9965bd45d666c3ca26a74473b994b5ba4c513a06bb5ed8,routing/qualification/budgeted_run/runs/bench48_repaired_20260920/production/6c2330e612f4c2000d9965bd45d666c3ca26a74473b994b5ba4c513a06bb5ed8/rows/47/terminal.json,
P98,0,ws280,ws:W-N-1dwkA-24-27-0,H30-e477322d87caa3c9,48,True,VALID,COMPLETE,True,True,20.651216599,20.651216599,0,False,20.651216599,9.430651273336618,16.1756492509885,0.04430007700284477,POLICY_DELIVERY,,0.08984913089018427,0.028868511502192662,-41.126606205007064,-144.04836527359242,WS_SOURCE_FRAME_BACKBONE_RMSD,16,155,0.11771644351780532,0.023161923812593733,6,155,149,AVAILABLE,CA,single_direct_prediction_to_reference_all_mapped_nonloop_CA_Kabsch,17a6b73dd44da82ccade1935d1fe1be62df98fe4b6fb97b24f26027986605d65,9f47d2bd000859a73eccac2b86a34e7faf3cb0dce9dc6203c1d50e6ba3ab0df3,cd5c7c8b85807ec38e41c772aa0a2a10fc294bb2966a5f5a35c81db77370b78c,route_process_and_children_cumulative_plus_exact_measured_preparation_reuse,533a5549d5d8722f0ea43ce418c009a589c288696d906e4dd5e386945fd0fd83,routing/qualification/budgeted_run/runs/bench48_repaired_20260920/production/533a5549d5d8722f0ea43ce418c009a589c288696d906e4dd5e386945fd0fd83/rows/00/terminal.json,
P98,1,ws280,ws:W-R03-0,H30-7048216324104d26,48,True,VALID,COMPLETE,True,True,735.7752316799999,735.7752316799999,0,False,735.7752316799999,706.0890915530966,727.1922016080061,0.05597392200434115,POLICY_DELIVERY,,2.459121119198467,1.224989714642022,-29.30580106100636,48.26165852259717,WS_SOURCE_FRAME_BACKBONE_RMSD,13,136,1.8232428101404856,1.2842143755485436,10,136,126,AVAILABLE,CA,single_direct_prediction_to_reference_all_mapped_nonloop_CA_Kabsch,39b06fc2ea2ebd9f90e4d96726df9d24986c8d916498d252d7e90c04a41d376f,dd40497c4104a5961d30490693d5c29195064c7fed69cece56010c612343dd7d,f5aef6df1ae420e7d21c4c4e739136c86179f91ae14d8d56d1a4aa3345440635,route_process_and_children_cumulative_plus_exact_measured_preparation_reuse,533a5549d5d8722f0ea43ce418c009a589c288696d906e4dd5e386945fd0fd83,routing/qualification/budgeted_run/runs/bench48_repaired_20260920/production/533a5549d5d8722f0ea43ce418c009a589c288696d906e4dd5e386945fd0fd83/rows/01/terminal.json,
P98,2,ws280,ws:W-D06-0,H30-0ac16984a084686f,48,True,VALID,COMPLETE,True,True,17.182727722,17.182727722,0,False,17.182727722,8.655691337704063,13.070041787999799,0.056017756010987796,POLICY_DELIVERY,,0.09594709922879041,0.03683556037236023,-30.915458729668913,-128.4592196829687,WS_SOURCE_FRAME_BACKBONE_RMSD,14,95,0.20356243536755245,0.041772903330744876,4,95,91,AVAILABLE,CA,single_direct_prediction_to_reference_all_mapped_nonloop_CA_Kabsch,00e0b4a4d02fd8509fffeac3fe53cc76291a5bd0f4f50e1a665a109c43bcb125,824a96d2a49422b794ce3cd722351848a8b6a634b947cc5ae0744d8cbf081361,a6c35b611d1ab0a4eaf987638e6d40fce8b9b3fdf90f9c25aa9dc4d42e74b6a1,route_process_and_children_cumulative_plus_exact_measured_preparation_reuse,533a5549d5d8722f0ea43ce418c009a589c288696d906e4dd5e386945fd0fd83,routing/qualification/budgeted_run/runs/bench48_repaired_20260920/production/533a5549d5d8722f0ea43ce418c009a589c288696d906e4dd5e386945fd0fd83/rows/02/terminal.json,
P98,3,ws280,ws:W-N-4bfoA-62-66-0,H30-bb66adce5be248b4,48,True,VALID,COMPLETE,True,True,18.294530849999997,18.294530849999997,0,False,18.294530849999997,9.306188390589577,14.071860055002617,0.04453668500354979,POLICY_DELIVERY,,0.41731653077019837,0.16712339942955826,-60.72484830151029,-207.9295528537259,WS_SOURCE_FRAME_BACKBONE_RMSD,17,106,0.6972714405503169,0.17918353579953866,7,106,99,AVAILABLE,CA,single_direct_prediction_to_reference_all_mapped_nonloop_CA_Kabsch,4b3947f0bba0224bb91084f9ac8f1765c09c2cd2052e1ac07bd38f04c6768dd6,4b063996bdd20f3553d571608bf363583b35f0c2be65b5600073307c5d22aab2,0fcafd747633c441baa62bc1a48e0374d489983a558fa2ac1dff892b7200e92d,route_process_and_children_cumulative_plus_exact_measured_preparation_reuse,533a5549d5d8722f0ea43ce418c009a589c288696d906e4dd5e386945fd0fd83,routing/qualification/budgeted_run/runs/bench48_repaired_20260920/production/533a5549d5d8722f0ea43ce418c009a589c288696d906e4dd5e386945fd0fd83/rows/03/terminal.json,
P98,4,ws280,ws:W-R04-0,H30-46053e2d52453997,48,True,VALID,COMPLETE,True,True,736.5944633560001,736.5944633560001,0,False,736.5944633560001,712.1764581318647,730.4014434229903,0.048567406003712676,POLICY_DELIVERY,,7.732163561468253,3.799742230288178,-20.455750806744497,-90.98793285324078,WS_SOURCE_FRAME_BACKBONE_RMSD,19,83,10.108429950877126,3.7748083871380835,11,83,72,AVAILABLE,CA,single_direct_prediction_to_reference_all_mapped_nonloop_CA_Kabsch,3488ba835a8d13e92ccfe7e7b58922bd44e8bdef042dfcfaabc72cb0675ffbf8,573a394d981717b479d5c832002f927e072e55e7688f554ba3e9ce40ae995da6,f89cbb2799c2e819751cb85683ffaee58dc7fc35f43d5745b568d8af9142262d,route_process_and_children_cumulative_plus_exact_measured_preparation_reuse,533a5549d5d8722f0ea43ce418c009a589c288696d906e4dd5e386945fd0fd83,routing/qualification/budgeted_run/runs/bench48_repaired_20260920/production/533a5549d5d8722f0ea43ce418c009a589c288696d906e4dd5e386945fd0fd83/rows/04/terminal.json,
P98,5,ws280,ws:W-D08-0,H30-0ff41df978fc6f9a,48,True,VALID,COMPLETE,True,True,293.74248642099997,293.74248642099997,0,False,293.74248642099997,253.38193757765046,287.41015516499465,0.05621610199159477,POLICY_DELIVERY,,0.12189085088157334,0.03610424418222587,-33.46190891938286,-168.42547225127586,WS_SOURCE_FRAME_BACKBONE_RMSD,15,171,0.1821326662637462,0.031148280061395615,5,171,166,AVAILABLE,CA,single_direct_prediction_to_reference_all_mapped_nonloop_CA_Kabsch,7085230c7406c06e154ad05af80d41eec1fc9cd16ccd8450a97855da8b13e6b5,cd8cb6f5959f87d4208ec3165b7dc5e6d2dd0215752fc87dbc324cf800244b45,39b4128a2bde6ad2404c86689c66395dfbb845414e78ee1f39c5a212d3bcc109,route_process_and_children_cumulative_plus_exact_measured_preparation_reuse,533a5549d5d8722f0ea43ce418c009a589c288696d906e4dd5e386945fd0fd83,routing/qualification/budgeted_run/runs/bench48_repaired_20260920/production/533a5549d5d8722f0ea43ce418c009a589c288696d906e4dd5e386945fd0fd83/rows/05/terminal.json,
P98,6,ws280,ws:W-N-1fltX-47-52-0,H30-4d5cd78029b396ef,48,True,VALID,COMPLETE,True,True,21.103671893,21.103671893,0,False,21.103671893,12.79983646727302,16.946172372001456,0.05624542500299867,POLICY_DELIVERY,,0.3505890520433485,0.15260645571668469,-12.848916638761049,-12.2731922172335,WS_SOURCE_FRAME_BACKBONE_RMSD,18,95,0.42431442462335633,0.12313206614396183,8,95,87,AVAILABLE,CA,single_direct_prediction_to_reference_all_mapped_nonloop_CA_Kabsch,99cc3b4db5b29c2e52f65c408cbf343ecfd9a7150bef938f73fb357ba001ea78,16cd2e0665c8fc34b38cc786b16de18dec5bdcc67f8864fdb5ec2013e2f5d73f,9cc984e6d39e50bb92149d17c61bbb8f8926921096bf4296e52d305db725a6cd,route_process_and_children_cumulative_plus_exact_measured_preparation_reuse,533a5549d5d8722f0ea43ce418c009a589c288696d906e4dd5e386945fd0fd83,routing/qualification/budgeted_run/runs/bench48_repaired_20260920/production/533a5549d5d8722f0ea43ce418c009a589c288696d906e4dd5e386945fd0fd83/rows/06/terminal.json,
P98,7,ws280,ws:W-R02-0,H30-9e81484566871a14,48,True,VALID,COMPLETE,True,True,739.15445326,739.15445326,0,False,739.15445326,682.4279290146457,730.9884787050105,0.056148806004785,POLICY_DELIVERY,,2.2071958882948404,0.638803628291845,-17.257731810726483,-175.39262585566507,WS_SOURCE_FRAME_BACKBONE_RMSD,13,163,2.355962979716821,0.6766106553005743,13,163,150,AVAILABLE,CA,single_direct_prediction_to_reference_all_mapped_nonloop_CA_Kabsch,01ebad240a7a968201877c0bf22f31bd88cb9672ade586b89dc3ea1f488c7ff7,feb6b30277b528fca2ed5a22c6bdfa4cf409c91f91c290be463bb03b1ae628e5,48ed2aa7d43ee5f8b319b4ab6bffe0751f46e52a5304d0cc9283c357eec1709b,route_process_and_children_cumulative_plus_exact_measured_preparation_reuse,533a5549d5d8722f0ea43ce418c009a589c288696d906e4dd5e386945fd0fd83,routing/qualification/budgeted_run/runs/bench48_repaired_20260920/production/533a5549d5d8722f0ea43ce418c009a589c288696d906e4dd5e386945fd0fd83/rows/07/terminal.json,
P98,8,ws280,ws:W-D04-0,H30-f00f0ee709c4fefa,48,True,VALID,COMPLETE,True,True,21.237758352000004,21.237758352000004,0,False,21.237758352000004,10.094501393961856,16.74098836099438,0.04636182000103872,POLICY_DELIVERY,,0.14255106594730535,0.04553879014402735,-52.671313270217254,-133.76905018027733,WS_SOURCE_FRAME_BACKBONE_RMSD,15,147,0.18591228808288943,0.037563199530850896,6,147,141,AVAILABLE,CA,single_direct_prediction_to_reference_all_mapped_nonloop_CA_Kabsch,b7aebe00cbd5f97dc45a01df234b03641defa099ab0efa04e0bfca52c2f1e111,e277c984a89ebc0b4916f2d3a9b5a739d674ad2539abf169f51ec3bc58084fb7,ad420fa1f7c24e1c2f4e4187e0dddb6440a9d0892cb8f4d3263eef31f3750da5,route_process_and_children_cumulative_plus_exact_measured_preparation_reuse,533a5549d5d8722f0ea43ce418c009a589c288696d906e4dd5e386945fd0fd83,routing/qualification/budgeted_run/runs/bench48_repaired_20260920/production/533a5549d5d8722f0ea43ce418c009a589c288696d906e4dd5e386945fd0fd83/rows/08/terminal.json,
P98,9,ws280,ws:W-N-2j7jA-28-31-0,H30-754a801456e03df6,48,True,VALID,COMPLETE,True,True,18.040222223999997,18.040222223999997,0,False,18.040222223999997,9.58818061912274,13.610763005010085,0.044518087001051754,POLICY_DELIVERY,,0.18116932669588845,0.07860242828149781,-23.611970388049464,-45.06801232568382,WS_SOURCE_FRAME_BACKBONE_RMSD,16,85,0.19400819351323617,0.06312961181804648,9,85,76,AVAILABLE,CA,single_direct_prediction_to_reference_all_mapped_nonloop_CA_Kabsch,53a2cff993539005e61476169a87f4c4e75f8f9774fcffcf26b85f1f866f60c8,43e26f48a31cd3de38f10ea8e0a53fe37c3914f219fe0dc887aa9be79712f13e,ca30c62fd4b6db49ef4cfe4b52d0c0530b46fb6593cec05fe83ba2c2b5d2b0e7,route_process_and_children_cumulative_plus_exact_measured_preparation_reuse,533a5549d5d8722f0ea43ce418c009a589c288696d906e4dd5e386945fd0fd83,routing/qualification/budgeted_run/runs/bench48_repaired_20260920/production/533a5549d5d8722f0ea43ce418c009a589c288696d906e4dd5e386945fd0fd83/rows/09/terminal.json,
P98,10,ws280,ws:W-R01-0,H30-e5f59827aa5aa6e5,48,True,VALID,COMPLETE,True,True,24.428303142,24.428303142,0,False,24.428303142,12.759130250068354,19.850552909992984,0.04481325899541844,POLICY_DELIVERY,,1.1626571176546194,1.215608122845474,-41.554550031180995,-26.30716579531407,WS_SOURCE_FRAME_BACKBONE_RMSD,13,156,0.993927231523077,1.1943277920465998,17,156,139,AVAILABLE,CA,single_direct_prediction_to_reference_all_mapped_nonloop_CA_Kabsch,eca8ae50bdfcb17203001920a27433e25add020f6a10b9f450279cabe252ef89,f10a875824e179d6897597eaee48a2f0f56b7cbb0e7210f9eedd5c53867c4eb1,1c2d77a8888d7e3b912d3c8560f3abc5708505ac514e6c700f947521006b8d34,route_process_and_children_cumulative_plus_exact_measured_preparation_reuse,533a5549d5d8722f0ea43ce418c009a589c288696d906e4dd5e386945fd0fd83,routing/qualification/budgeted_run/runs/bench48_repaired_20260920/production/533a5549d5d8722f0ea43ce418c009a589c288696d906e4dd5e386945fd0fd83/rows/10/terminal.json,
P98,11,ws280,ws:W-D05-0,H30-68dd481407bacaed,48,True,VALID,COMPLETE,True,True,25.49595357,25.49595357,0,False,25.49595357,14.243168762025489,20.98140315200726,18.52732415299397,POLICY_DELIVERY,,0.11084288476432942,0.03904851247638248,-34.920518398981,73.26940477754377,WS_SOURCE_FRAME_BACKBONE_RMSD,17,137,0.12902068067545827,0.0291682722359749,7,137,130,AVAILABLE,CA,single_direct_prediction_to_reference_all_mapped_nonloop_CA_Kabsch,153d430ad260957298d90937b800caa61a034c4b20523c32ccec897ae2cce519,e309e00ef36ed473e0f42033943cc41b39bb89f241b9b2255c04bf7bcd89e166,11106275ce55c7dacff18ecef0a0dd109046e543dabc46f49a934bedc8880ba3,route_process_and_children_cumulative_plus_exact_measured_preparation_reuse,533a5549d5d8722f0ea43ce418c009a589c288696d906e4dd5e386945fd0fd83,routing/qualification/budgeted_run/runs/bench48_repaired_20260920/production/533a5549d5d8722f0ea43ce418c009a589c288696d906e4dd5e386945fd0fd83/rows/11/terminal.json,
P98,12,ws280,ws:W-N-2rjiA-34-41-0,H30-a209684961e38d8d,48,True,VALID,COMPLETE,True,True,18.509815682,18.509815682,0,False,18.509815682,9.903968064558207,14.027727858992876,0.04437594799674116,POLICY_DELIVERY,,0.35782872025336543,0.17460255885841627,-34.36534349074551,-87.96394750360427,WS_SOURCE_FRAME_BACKBONE_RMSD,20,84,0.45485267694244574,0.15693911388867499,10,84,74,AVAILABLE,CA,single_direct_prediction_to_reference_all_mapped_nonloop_CA_Kabsch,c05757ba49a2712a044e77029801330f1033cffc221ca7e541a9efd975c4e4b1,e76cce3db45648d77595506f8d067f573223f29bf41fd235e493aecd2a13fa19,412a47561820ec08f71462f2521a3a4bc05e866e3d4988e5099a2b7c2d998c12,route_process_and_children_cumulative_plus_exact_measured_preparation_reuse,533a5549d5d8722f0ea43ce418c009a589c288696d906e4dd5e386945fd0fd83,routing/qualification/budgeted_run/runs/bench48_repaired_20260920/production/533a5549d5d8722f0ea43ce418c009a589c288696d906e4dd5e386945fd0fd83/rows/12/terminal.json,
P98,13,ws280,ws:W-D13-0,H30-8d721988086f54c5,48,True,VALID,COMPLETE,True,True,286.58350767499996,286.58350767499996,0,False,286.58350767499996,274.5847469437049,280.4993402160035,0.02226577600231394,POLICY_DELIVERY,,2.9144364375640297,1.1129688973576066,-30.85841379883863,-127.45760951160587,WS_SOURCE_FRAME_BACKBONE_RMSD,14,96,3.0947145923447215,1.0941469326166307,12,96,84,AVAILABLE,CA,single_direct_prediction_to_reference_all_mapped_nonloop_CA_Kabsch,019254d436006ba468a4815d1ff067f41d617cdc9943a1b1227e98a406c4038b,3980ee8c062afc6e424334b9e6d4f30b3f6fed8bc9f6581c518604edc1b70b6d,e966c8e1e99029dee54ab40c7ffcf33be576727fc0a8247f22ae5b454f9ba600,route_process_and_children_cumulative_plus_exact_measured_preparation_reuse,533a5549d5d8722f0ea43ce418c009a589c288696d906e4dd5e386945fd0fd83,routing/qualification/budgeted_run/runs/bench48_repaired_20260920/production/533a5549d5d8722f0ea43ce418c009a589c288696d906e4dd5e386945fd0fd83/rows/13/terminal.json,
P98,14,ws280,ws:W-N-1eyhA-14-22-0,H30-d96146015e38c8fd,48,True,VALID,COMPLETE,True,True,532.18821357,532.18821357,0,False,532.18821357,495.9804720853923,524.6049935600022,0.022382697003195062,POLICY_DELIVERY,,0.5891056775187525,0.22496846099375864,-53.46134643334842,-273.53461024827817,WS_SOURCE_FRAME_BACKBONE_RMSD,21,144,0.8068027835134324,0.22298852522845988,11,144,133,AVAILABLE,CA,single_direct_prediction_to_reference_all_mapped_nonloop_CA_Kabsch,f55ec6196bd5db5f0f94a5ad14301edc7a18ec6fc7d60fc29c9efff8e011f9c7,240501c5bfbd0eaf32c920012ddf28ed083c9382ed51e5d2f9e0cd3a1cffbe3c,286bff8bde19bcfd91a8aeb00dae1247eb00976794120d44315ccc6c4865c5c6,route_process_and_children_cumulative_plus_exact_measured_preparation_reuse,533a5549d5d8722f0ea43ce418c009a589c288696d906e4dd5e386945fd0fd83,routing/qualification/budgeted_run/runs/bench48_repaired_20260920/production/533a5549d5d8722f0ea43ce418c009a589c288696d906e4dd5e386945fd0fd83/rows/14/terminal.json,
P98,15,ws280,ws:W-D02-0,H30-8b4fa870dc66499b,48,True,VALID,COMPLETE,True,True,19.192320194,19.192320194,0,False,19.192320194,11.223947165548672,15.02664530799666,0.05631284200353548,POLICY_DELIVERY,,0.9011700589151798,0.3896711389908005,-46.25015630677466,-172.97498265545866,WS_SOURCE_FRAME_BACKBONE_RMSD,17,91,1.0286474664374399,0.38879247312160387,13,91,78,AVAILABLE,CA,single_direct_prediction_to_reference_all_mapped_nonloop_CA_Kabsch,a426a5437946b3d71d649113fa88875959bf45196f1c75bad42b1a65c36a2c5f,334c646cb2719666423d1502f7ee2e6249bf3baaf7e26c98606fe403af239823,c56ba5dd30981ffde30c1558bef4a093a64f84c4f23f6b0cbe7eff827487c543,route_process_and_children_cumulative_plus_exact_measured_preparation_reuse,533a5549d5d8722f0ea43ce418c009a589c288696d906e4dd5e386945fd0fd83,routing/qualification/budgeted_run/runs/bench48_repaired_20260920/production/533a5549d5d8722f0ea43ce418c009a589c288696d906e4dd5e386945fd0fd83/rows/15/terminal.json,
P98,16,ws280,ws:S-N-1dwkA-24-27-0,H30-e477322d87caa3c9,48,True,VALID,COMPLETE,True,True,30.542842359999998,30.542842359999998,0,False,30.542842359999998,17.10458579148103,25.83996300799481,0.02231943199876696,POLICY_DELIVERY,,0.16760373579683727,0.053849059117807054,-40.68895892196644,-145.1932363129328,WS_SOURCE_FRAME_BACKBONE_RMSD,16,155,0.2316325289551969,0.05208916102381595,6,155,149,AVAILABLE,CA,single_direct_prediction_to_reference_all_mapped_nonloop_CA_Kabsch,71ee06d1424ed59836f52577143a9c21801dce5806b1d71c8c04e7d2250c27bf,8d986b9856fc29d7009e86af85747a422dd7a9f6556df48b6d48ae6c978db1b8,cd5c7c8b85807ec38e41c772aa0a2a10fc294bb2966a5f5a35c81db77370b78c,route_process_and_children_cumulative_plus_exact_measured_preparation_reuse,533a5549d5d8722f0ea43ce418c009a589c288696d906e4dd5e386945fd0fd83,routing/qualification/budgeted_run/runs/bench48_repaired_20260920/production/533a5549d5d8722f0ea43ce418c009a589c288696d906e4dd5e386945fd0fd83/rows/16/terminal.json,
P98,17,ws280,ws:S-R03-0,H30-7048216324104d26,48,True,VALID,COMPLETE,True,True,642.8447322669999,639.9610151109999,2.8837171559999994,False,639.9610151109999,532.6803425069432,629.534920591992,0.048552945008850656,POLICY_DELIVERY,,2.3915281557324004,1.2124032216317875,91.58131467594748,205.03972191226026,WS_SOURCE_FRAME_BACKBONE_RMSD,13,136,1.525449485096425,1.2553485922104364,10,136,126,AVAILABLE,CA,single_direct_prediction_to_reference_all_mapped_nonloop_CA_Kabsch,af8ad0c488a810b365a7016a197eb3e6bd7b7c4ba6a2dc45c099275783043ea5,07776345984c53b250153a6118cf2f04e385f92b7fe292b4e48d89a7935ffea3,f5aef6df1ae420e7d21c4c4e739136c86179f91ae14d8d56d1a4aa3345440635,route_process_and_children_cumulative_plus_exact_measured_preparation_reuse,533a5549d5d8722f0ea43ce418c009a589c288696d906e4dd5e386945fd0fd83,routing/qualification/budgeted_run/runs/bench48_repaired_20260920/production/533a5549d5d8722f0ea43ce418c009a589c288696d906e4dd5e386945fd0fd83/rows/17/terminal.json,
P98,18,ws280,ws:S-D06-0,H30-0ac16984a084686f,48,True,VALID,COMPLETE,True,True,17.217057001999997,17.217057001999997,0,False,17.217057001999997,8.765505329147821,13.017929253008333,0.05646596501173917,POLICY_DELIVERY,,0.12077782474465631,0.04636494834309667,-31.27681594128878,-128.6714465881164,WS_SOURCE_FRAME_BACKBONE_RMSD,14,95,0.22635797372573602,0.04915022878215361,4,95,91,AVAILABLE,CA,single_direct_prediction_to_reference_all_mapped_nonloop_CA_Kabsch,75fb23f55ec8c03f09252fbdd1c60bad8a75c0b41440129236f26413a20d04ba,405bbfd5f9b284183b482d840c16901a3751fc2ffb469c60f92cfea8aa299cfd,a6c35b611d1ab0a4eaf987638e6d40fce8b9b3fdf90f9c25aa9dc4d42e74b6a1,route_process_and_children_cumulative_plus_exact_measured_preparation_reuse,533a5549d5d8722f0ea43ce418c009a589c288696d906e4dd5e386945fd0fd83,routing/qualification/budgeted_run/runs/bench48_repaired_20260920/production/533a5549d5d8722f0ea43ce418c009a589c288696d906e4dd5e386945fd0fd83/rows/18/terminal.json,
P98,19,ws280,ws:S-N-4bfoA-62-66-0,H30-bb66adce5be248b4,48,True,VALID,COMPLETE,True,True,18.492317335000003,18.492317335000003,0,False,18.492317335000003,9.330762336495505,14.193655372990179,0.04434438700263854,POLICY_DELIVERY,,0.5147473397525923,0.20614161013799676,-55.64208428638412,-202.7456437692244,WS_SOURCE_FRAME_BACKBONE_RMSD,17,106,0.8777796406763281,0.2274124038757615,7,106,99,AVAILABLE,CA,single_direct_prediction_to_reference_all_mapped_nonloop_CA_Kabsch,bf86bc9ac9b9c13533026ccb54925c8a6d14b44a6c15ecd4a92037566523e500,10c18941193a9ef29ddc6b6a26f08e7408c2f9fbed0d355ae33f6feab84d721d,0fcafd747633c441baa62bc1a48e0374d489983a558fa2ac1dff892b7200e92d,route_process_and_children_cumulative_plus_exact_measured_preparation_reuse,533a5549d5d8722f0ea43ce418c009a589c288696d906e4dd5e386945fd0fd83,routing/qualification/budgeted_run/runs/bench48_repaired_20260920/production/533a5549d5d8722f0ea43ce418c009a589c288696d906e4dd5e386945fd0fd83/rows/19/terminal.json,
P98,20,ws280,ws:S-R04-0,H30-46053e2d52453997,48,True,VALID,COMPLETE,True,True,737.5371304910001,737.5371304910001,0,False,737.5371304910001,706.109345808022,731.3161140970042,0.028273625997826457,POLICY_DELIVERY,,7.732163561468253,3.799742230288178,-20.455750806744497,-90.98793285324078,WS_SOURCE_FRAME_BACKBONE_RMSD,19,83,10.108429950877126,3.7748083871380835,11,83,72,AVAILABLE,CA,single_direct_prediction_to_reference_all_mapped_nonloop_CA_Kabsch,dbfc905aff6936796be8dcddab03c9e8cfb2e8afa003c97d3b6e6bee91a44fbb,9c62b5c070b17c5ddaae6bff7bf34739c33d99e75f5ebef0eb9c49a112735b30,f89cbb2799c2e819751cb85683ffaee58dc7fc35f43d5745b568d8af9142262d,route_process_and_children_cumulative_plus_exact_measured_preparation_reuse,533a5549d5d8722f0ea43ce418c009a589c288696d906e4dd5e386945fd0fd83,routing/qualification/budgeted_run/runs/bench48_repaired_20260920/production/533a5549d5d8722f0ea43ce418c009a589c288696d906e4dd5e386945fd0fd83/rows/20/terminal.json,
P98,21,ws280,ws:S-D08-0,H30-0ff41df978fc6f9a,48,True,VALID,COMPLETE,True,True,23.901777681,23.901777681,0,False,23.901777681,11.073551032392542,19.163257262000116,0.01886323500366416,POLICY_DELIVERY,,0.11588673118014656,0.03432278943733256,-32.19804934986253,-168.72390926461142,WS_SOURCE_FRAME_BACKBONE_RMSD,15,171,0.18195035407211396,0.03427230965003135,5,171,166,AVAILABLE,CA,single_direct_prediction_to_reference_all_mapped_nonloop_CA_Kabsch,2742b4b74a9633c7d3928f4255f4fd1575bd26cba40e424eba73a66c3b21332e,e5fafc8ce985cb9646debaa50706a5be8e27ef734699b48fa95819c1ea0263f4,39b4128a2bde6ad2404c86689c66395dfbb845414e78ee1f39c5a212d3bcc109,route_process_and_children_cumulative_plus_exact_measured_preparation_reuse,533a5549d5d8722f0ea43ce418c009a589c288696d906e4dd5e386945fd0fd83,routing/qualification/budgeted_run/runs/bench48_repaired_20260920/production/533a5549d5d8722f0ea43ce418c009a589c288696d906e4dd5e386945fd0fd83/rows/21/terminal.json,
P98,22,ws280,ws:S-N-1fltX-47-52-0,H30-4d5cd78029b396ef,48,True,VALID,COMPLETE,True,True,18.983982762,18.983982762,0,False,18.983982762,9.69962807361582,14.433347914004116,0.04450227499182802,POLICY_DELIVERY,,0.46210436740358357,0.2011474874157851,-11.561681430533975,-12.148231325945028,WS_SOURCE_FRAME_BACKBONE_RMSD,18,95,0.6032148790152866,0.1782087327833951,8,95,87,AVAILABLE,CA,single_direct_prediction_to_reference_all_mapped_nonloop_CA_Kabsch,8ae70ba0a72cc9c1ca51d204f27a5111ebb940258132162c24d1a614e788af3b,e1a7bab9ec20d385e529d3c6a7feda5c09af152b3ef3ad71aa8bad760da1e34b,9cc984e6d39e50bb92149d17c61bbb8f8926921096bf4296e52d305db725a6cd,route_process_and_children_cumulative_plus_exact_measured_preparation_reuse,533a5549d5d8722f0ea43ce418c009a589c288696d906e4dd5e386945fd0fd83,routing/qualification/budgeted_run/runs/bench48_repaired_20260920/production/533a5549d5d8722f0ea43ce418c009a589c288696d906e4dd5e386945fd0fd83/rows/22/terminal.json,
P98,23,ws280,ws:S-R02-0,H30-9e81484566871a14,48,True,VALID,COMPLETE,True,True,90.40716967100002,90.40716967100002,0,False,90.40716967100002,72.21982535288853,85.77181314599875,0.041797988989856094,POLICY_DELIVERY,,0.8201543318351048,0.26812275072708364,-30.503299373086364,-187.5661366804707,WS_SOURCE_FRAME_BACKBONE_RMSD,13,163,0.7531036998416316,0.2456616624550702,13,163,150,AVAILABLE,CA,single_direct_prediction_to_reference_all_mapped_nonloop_CA_Kabsch,28a567f09ee9ee3a35616b1e25c6f8c04ed1098069e0265279c40de7b7c45cdd,baa179a89544aae879a4ec9b35d3e66b97383c7a2c16c34f28fd2bd375ebbd0e,48ed2aa7d43ee5f8b319b4ab6bffe0751f46e52a5304d0cc9283c357eec1709b,route_process_and_children_cumulative_plus_exact_measured_preparation_reuse,533a5549d5d8722f0ea43ce418c009a589c288696d906e4dd5e386945fd0fd83,routing/qualification/budgeted_run/runs/bench48_repaired_20260920/production/533a5549d5d8722f0ea43ce418c009a589c288696d906e4dd5e386945fd0fd83/rows/23/terminal.json,
P98,24,ws280,ws:S-D04-0,H30-f00f0ee709c4fefa,48,True,VALID,COMPLETE,True,True,21.138691424999998,21.138691424999998,0,False,21.138691424999998,10.131497970558796,16.66488595699775,0.0469914730056189,POLICY_DELIVERY,,0.15587260137966985,0.04979170519483299,-51.06145104001426,-129.16700916129184,WS_SOURCE_FRAME_BACKBONE_RMSD,15,147,0.2146085367023214,0.043479457715148995,6,147,141,AVAILABLE,CA,single_direct_prediction_to_reference_all_mapped_nonloop_CA_Kabsch,a108bcc3676427e255486337b9bde312b42c8f28f925e4e998e002c7a99dfa83,97ef73d6aaff418a8d1a2fa6292128c937abf24197c97ae21ea62873f59cfbf8,ad420fa1f7c24e1c2f4e4187e0dddb6440a9d0892cb8f4d3263eef31f3750da5,route_process_and_children_cumulative_plus_exact_measured_preparation_reuse,533a5549d5d8722f0ea43ce418c009a589c288696d906e4dd5e386945fd0fd83,routing/qualification/budgeted_run/runs/bench48_repaired_20260920/production/533a5549d5d8722f0ea43ce418c009a589c288696d906e4dd5e386945fd0fd83/rows/24/terminal.json,
P98,25,ws280,ws:S-N-2j7jA-28-31-0,H30-754a801456e03df6,48,True,VALID,COMPLETE,True,True,18.216929619,18.216929619,0,False,18.216929619,10.22685282973704,14.13811497799179,0.04485241899965331,POLICY_DELIVERY,,0.18228365312867179,0.07908582324391865,-22.668096580185686,-41.26850567297671,WS_SOURCE_FRAME_BACKBONE_RMSD,16,85,0.22489769205772278,0.0743424377525249,9,85,76,AVAILABLE,CA,single_direct_prediction_to_reference_all_mapped_nonloop_CA_Kabsch,8b5b070486746789d37a23ca6dd165b725ef990b8585f42696ae96b3341fa2a1,548c6ae6a39fe7cceaa60c133732fa1a795bfb3996d7353023082d3407a7abeb,ca30c62fd4b6db49ef4cfe4b52d0c0530b46fb6593cec05fe83ba2c2b5d2b0e7,route_process_and_children_cumulative_plus_exact_measured_preparation_reuse,533a5549d5d8722f0ea43ce418c009a589c288696d906e4dd5e386945fd0fd83,routing/qualification/budgeted_run/runs/bench48_repaired_20260920/production/533a5549d5d8722f0ea43ce418c009a589c288696d906e4dd5e386945fd0fd83/rows/25/terminal.json,
P98,26,ws280,ws:S-R01-0,H30-e5f59827aa5aa6e5,48,True,VALID,COMPLETE,True,True,343.814613826,343.814613826,0,False,343.814613826,308.8022053685119,337.07555950699316,0.04443846200592816,POLICY_DELIVERY,,0.9781614409664738,1.1989138946391849,-44.21687277521889,-84.93961318787782,WS_SOURCE_FRAME_BACKBONE_RMSD,13,156,0.8402149337122384,1.1813822682945279,17,156,139,AVAILABLE,CA,single_direct_prediction_to_reference_all_mapped_nonloop_CA_Kabsch,8ff70375aca5e2e97501817c744a5aef8cb46f3f82d63fb0b9214f718aa3e0b1,529470acc2a65fc5d8c9744b5da2a62fc5389f6c628b9a40c809f358c150be0d,1c2d77a8888d7e3b912d3c8560f3abc5708505ac514e6c700f947521006b8d34,route_process_and_children_cumulative_plus_exact_measured_preparation_reuse,533a5549d5d8722f0ea43ce418c009a589c288696d906e4dd5e386945fd0fd83,routing/qualification/budgeted_run/runs/bench48_repaired_20260920/production/533a5549d5d8722f0ea43ce418c009a589c288696d906e4dd5e386945fd0fd83/rows/26/terminal.json,
P98,27,ws280,ws:S-D05-0,H30-68dd481407bacaed,48,True,VALID,COMPLETE,True,True,25.663623877,25.663623877,0,False,25.663623877,14.46269363313161,21.125327254005242,0.044175663992064074,POLICY_DELIVERY,,0.1636058120662183,0.05763198077574446,-33.95397986478074,73.13044364742082,WS_SOURCE_FRAME_BACKBONE_RMSD,17,137,0.19053152242617674,0.05100322743544876,7,137,130,AVAILABLE,CA,single_direct_prediction_to_reference_all_mapped_nonloop_CA_Kabsch,f886b334b98b45c5ad880337fdba528317bcf25dd80953e2ad69d376e924e91e,6f7060486a7449e75071d259f924b2be05d4cb0ae9777a476bdc9bb7948f1291,11106275ce55c7dacff18ecef0a0dd109046e543dabc46f49a934bedc8880ba3,route_process_and_children_cumulative_plus_exact_measured_preparation_reuse,533a5549d5d8722f0ea43ce418c009a589c288696d906e4dd5e386945fd0fd83,routing/qualification/budgeted_run/runs/bench48_repaired_20260920/production/533a5549d5d8722f0ea43ce418c009a589c288696d906e4dd5e386945fd0fd83/rows/27/terminal.json,
P98,28,ws280,ws:S-N-2rjiA-34-41-0,H30-a209684961e38d8d,48,True,VALID,COMPLETE,True,True,22.593698399,22.593698399,0,False,22.593698399,10.511386256936792,17.105388844007393,0.04423040300025605,POLICY_DELIVERY,,0.33389269489944595,0.16292297331529515,-31.566139235595244,-89.58120332130912,WS_SOURCE_FRAME_BACKBONE_RMSD,20,84,0.42319389968275634,0.1465284138720738,10,84,74,AVAILABLE,CA,single_direct_prediction_to_reference_all_mapped_nonloop_CA_Kabsch,94ecbd3c76f120638ee04bb861927cf204364c085c82a8b04c91d0267f33bc4f,b1fc41d75a1e3206cc088917ed8c7eb2e8f36d015f81008858a4e7ba809df72a,412a47561820ec08f71462f2521a3a4bc05e866e3d4988e5099a2b7c2d998c12,route_process_and_children_cumulative_plus_exact_measured_preparation_reuse,533a5549d5d8722f0ea43ce418c009a589c288696d906e4dd5e386945fd0fd83,routing/qualification/budgeted_run/runs/bench48_repaired_20260920/production/533a5549d5d8722f0ea43ce418c009a589c288696d906e4dd5e386945fd0fd83/rows/28/terminal.json,
P98,29,ws280,ws:S-D13-0,H30-8d721988086f54c5,48,True,VALID,COMPLETE,True,True,671.643701818,671.643701818,0,False,671.643701818,715.8832527271535,664.4386546640017,0.04454434500075877,POLICY_DELIVERY,,2.601250629550238,0.9933690026554928,-34.04419009793035,-137.48485908404697,WS_SOURCE_FRAME_BACKBONE_RMSD,14,96,2.6988075004343717,0.9541725528934595,12,96,84,AVAILABLE,CA,single_direct_prediction_to_reference_all_mapped_nonloop_CA_Kabsch,3eeaec28c72222bc8dd6e0132ab4dd2c9be4668551f7bf96f89a68651f5fe31e,4b0cbf5d8c863c0fdb263c8b70bddf4a52e28581d51da85bdac2993ae8f8b5ba,e966c8e1e99029dee54ab40c7ffcf33be576727fc0a8247f22ae5b454f9ba600,route_process_and_children_cumulative_plus_exact_measured_preparation_reuse,533a5549d5d8722f0ea43ce418c009a589c288696d906e4dd5e386945fd0fd83,routing/qualification/budgeted_run/runs/bench48_repaired_20260920/production/533a5549d5d8722f0ea43ce418c009a589c288696d906e4dd5e386945fd0fd83/rows/29/terminal.json,
P98,30,ws280,ws:S-N-1eyhA-14-22-0,H30-d96146015e38c8fd,48,True,VALID,COMPLETE,True,True,663.5494886559999,663.5494886559999,0,False,663.5494886559999,635.1232900086648,655.5268319070019,0.13693985200370662,POLICY_DELIVERY,,1.3388477180281637,0.5112809236319849,-56.53101953419054,-277.28450857645095,WS_SOURCE_FRAME_BACKBONE_RMSD,21,144,1.8599029357628456,0.5144850594515775,11,144,133,AVAILABLE,CA,single_direct_prediction_to_reference_all_mapped_nonloop_CA_Kabsch,d5afbbc83cef3870978025927f3fa8fab15890d8efe97656ecf9a4819937a7fc,533e082024bc6ee88dbf5a6f7a044cc7a952651dc139a0827e83dfbf286cccd6,286bff8bde19bcfd91a8aeb00dae1247eb00976794120d44315ccc6c4865c5c6,route_process_and_children_cumulative_plus_exact_measured_preparation_reuse,533a5549d5d8722f0ea43ce418c009a589c288696d906e4dd5e386945fd0fd83,routing/qualification/budgeted_run/runs/bench48_repaired_20260920/production/533a5549d5d8722f0ea43ce418c009a589c288696d906e4dd5e386945fd0fd83/rows/30/terminal.json,
P98,31,ws280,ws:S-D02-0,H30-8b4fa870dc66499b,48,True,VALID,COMPLETE,True,True,59.606882195000004,59.606882195000004,0,False,59.606882195000004,52.53919856637951,55.62961032500607,0.0447429029882187,POLICY_DELIVERY,,0.226018307174069,0.09790813621522497,-44.744689020109064,-167.90762838918437,WS_SOURCE_FRAME_BACKBONE_RMSD,17,91,0.2445723214650004,0.09414800855529168,13,91,78,AVAILABLE,CA,single_direct_prediction_to_reference_all_mapped_nonloop_CA_Kabsch,8a26326ab64ca5949ce7c594b2e8931b782474c7b33ce8899a4a5dbce2ddb286,ac2114e7c71074a2b673f1abc3ee546b8837ae2885cf8b0c827a3b3c1f84b5e2,c56ba5dd30981ffde30c1558bef4a093a64f84c4f23f6b0cbe7eff827487c543,route_process_and_children_cumulative_plus_exact_measured_preparation_reuse,533a5549d5d8722f0ea43ce418c009a589c288696d906e4dd5e386945fd0fd83,routing/qualification/budgeted_run/runs/bench48_repaired_20260920/production/533a5549d5d8722f0ea43ce418c009a589c288696d906e4dd5e386945fd0fd83/rows/31/terminal.json,
P98,32,hard83,hard:3926815f2defbaf80b3c3e5899086c4b510473903487f0da3aa0ead637a58846,H30-14db69c3c834cc74,48,True,VALID,COMPLETE,True,True,43.617692008999995,43.617692008999995,0,False,43.617692008999995,21.63229687517968,36.15562444800162,0.04436807401361875,POLICY_DELIVERY,,2.2836732875233725,0.46258123608309043,-7.8802129493062045,-740.3755599615843,HARD83_CA_RMSD,16,403,2.2836732875233783,0.4625812360830915,16,403,387,AVAILABLE,CA,single_direct_prediction_to_reference_all_mapped_nonloop_CA_Kabsch,512daafdf01e6d4ea1ffcff63be96a929cc4693fc550c8e155caff768dc210f6,a6a9e1e37ac624def4bb21621ad018911d134bf631e3365ed5823fe70cc68334,e831f33a29028d55ffa6b796c888d349267789dff5212b0f1c1cbdbf1f417ddf,route_process_and_children_cumulative_plus_exact_measured_preparation_reuse,533a5549d5d8722f0ea43ce418c009a589c288696d906e4dd5e386945fd0fd83,routing/qualification/budgeted_run/runs/bench48_repaired_20260920/production/533a5549d5d8722f0ea43ce418c009a589c288696d906e4dd5e386945fd0fd83/rows/32/terminal.json,
P98,33,hard83,hard:4f25d222be8201299c1d3e9a28dbe6900355f01fecd72c31cc54bbca1abe15d5,H30-7b4828b92c676bd3,48,True,VALID,COMPLETE,True,True,40.537393504,40.537393504,0,False,40.537393504,21.454886057093752,33.51189140499628,0.04470542399212718,POLICY_DELIVERY,,2.4019977030644153,0.5131746899026657,-0.7300216545821956,-589.6895771120955,HARD83_CA_RMSD,16,376,2.401997703064418,0.5131746899026661,16,376,360,AVAILABLE,CA,single_direct_prediction_to_reference_all_mapped_nonloop_CA_Kabsch,d207c3db47308a07c0c9475a7850a1a3d3c849256e0a5ebe992ba0bea548e43b,c0c0e21a9f80f3658f23e14e5a2be0544ddda8df171fdde74a768180780bcf02,37c4458780dd96d7f2c1d7249d67be8feddd6641b77a5cdc4a71d148af4cb0dc,route_process_and_children_cumulative_plus_exact_measured_preparation_reuse,533a5549d5d8722f0ea43ce418c009a589c288696d906e4dd5e386945fd0fd83,routing/qualification/budgeted_run/runs/bench48_repaired_20260920/production/533a5549d5d8722f0ea43ce418c009a589c288696d906e4dd5e386945fd0fd83/rows/33/terminal.json,
P98,34,hard83,hard:66033fb723cda03be42b21da58fb0eaa624eaec20eb6c2a738cfe2d4edb583a3,H30-68b88ac905e29e26,48,True,VALID,COMPLETE,True,True,39.450131398,39.450131398,0,False,39.450131398,21.183552409265623,30.855278861010447,0.04102137900190428,POLICY_DELIVERY,,0.7485957409480145,0.19750858068460872,22.10267537770059,-427.00831070007445,HARD83_CA_RMSD,16,310,0.7485957409480128,0.19750858068460736,16,310,294,AVAILABLE,CA,single_direct_prediction_to_reference_all_mapped_nonloop_CA_Kabsch,137da71ef4302d4ddc2fae5cd8ccce349fa47a6a8519ec813bfa4a3cb52ea20a,7b67257c870d28397b599559b068d929a2d42ac0ec6d7a942f858561873cccaa,d305c009f8edf69fb365b700b5f4ca03fed77ac632392cc7420b88376bc5adfa,route_process_and_children_cumulative_plus_exact_measured_preparation_reuse,533a5549d5d8722f0ea43ce418c009a589c288696d906e4dd5e386945fd0fd83,routing/qualification/budgeted_run/runs/bench48_repaired_20260920/production/533a5549d5d8722f0ea43ce418c009a589c288696d906e4dd5e386945fd0fd83/rows/34/terminal.json,
P98,35,hard83,hard:6ca33dcf8a3d129b198239f122e7696f3159b6bd027ff8e9938cc954893c3796,H30-a184dfdecef9082a,48,True,VALID,COMPLETE,True,True,1007.7327999529999,996.337407033,11.395392919999999,False,996.337407033,728.0332010811062,945.4066359999997,0.04971443599788472,POLICY_DELIVERY,,2.383438494761249,0.37833548611239154,87.37788319530443,707.7346738384501,HARD83_CA_RMSD,16,635,2.3834384947612492,0.3783354861123917,16,635,619,AVAILABLE,CA,single_direct_prediction_to_reference_all_mapped_nonloop_CA_Kabsch,f49f65717e4406269759128115b8ceca8fef11813517bb00c71c30e5a0356a62,7bb325a1c8c984492d79ab3e97e67c4913063f8cdbc203d4de36ec6f58052005,82b0275b3a38ff51c91551c00f5a3b2180b3b4a0a9eeadc8a9027f4701f0597c,route_process_and_children_cumulative_plus_exact_measured_preparation_reuse,533a5549d5d8722f0ea43ce418c009a589c288696d906e4dd5e386945fd0fd83,routing/qualification/budgeted_run/runs/bench48_repaired_20260920/production/533a5549d5d8722f0ea43ce418c009a589c288696d906e4dd5e386945fd0fd83/rows/35/terminal.json,
P98,36,hard83,hard:7a27ec6ff9d898b60b0cdff87a244605027f4bc2a9096999f7edf0764f7a894b,H30-a792f43f2dedfd22,48,True,VALID,COMPLETE,True,True,66.04778123800001,66.04778123800001,0,False,66.04778123800001,31.261621216312502,55.99049936700612,17.47507023300568,POLICY_DELIVERY,,3.1848471057124916,0.5572770949059298,21.179930459367363,-803.1107689505195,HARD83_CA_RMSD,16,543,3.184847105712499,0.5572770949059312,16,543,527,AVAILABLE,CA,single_direct_prediction_to_reference_all_mapped_nonloop_CA_Kabsch,0f0953da1e25cc7c7c4fe91121a21c7125763fe0dffd5ec3724b9d80334e1b2b,ac88fc6865276dc356457e258bc895b2f2ba5db47a1fa638cf4a98fdaacc3055,32bab1b1ddb973d925d3d75620e99287fea00f9b191f217540ac4c0d3e1432a0,route_process_and_children_cumulative_plus_exact_measured_preparation_reuse,533a5549d5d8722f0ea43ce418c009a589c288696d906e4dd5e386945fd0fd83,routing/qualification/budgeted_run/runs/bench48_repaired_20260920/production/533a5549d5d8722f0ea43ce418c009a589c288696d906e4dd5e386945fd0fd83/rows/36/terminal.json,
P98,37,hard83,hard:8a290393047af506c8fe17ef8883dbb272815d1bc8b647a6ddf10dadaea8e265,H30-96d014d4a924c0a3,48,True,VALID,COMPLETE,True,True,58.300742951,58.300742951,0,False,58.300742951,31.831196136781237,49.51189027399232,18.492394019005587,POLICY_DELIVERY,,3.2983686773452465,0.6314202569128557,-1.7933581220270312,-589.6984739412975,HARD83_CA_RMSD,16,468,3.2983686773452465,0.6314202569128559,16,468,452,AVAILABLE,CA,single_direct_prediction_to_reference_all_mapped_nonloop_CA_Kabsch,bcae8619bb9d0c3faffd80e78cb6660ea41705e5b1be01c5d5377003f3c6dfc3,fdd74e89a7a6bcff9d1d52c71b9f3877b05ce473c50da57ebd55d90552709323,de17bfd0011c3436976fa91349a5d34b5153e4c705ab05e9e4b663c01a752bfa,route_process_and_children_cumulative_plus_exact_measured_preparation_reuse,533a5549d5d8722f0ea43ce418c009a589c288696d906e4dd5e386945fd0fd83,routing/qualification/budgeted_run/runs/bench48_repaired_20260920/production/533a5549d5d8722f0ea43ce418c009a589c288696d906e4dd5e386945fd0fd83/rows/37/terminal.json,
P98,38,hard83,hard:9b19407410e182f0b481f9bc027700ec74ff01961d5cedd614c1db18a17b7a0c,H30-a94c9fd85fdca179,48,True,VALID,COMPLETE,True,True,59.174983418000004,59.174983418000004,0,False,59.174983418000004,31.475781657210945,50.73962359200232,0.04445721999218222,POLICY_DELIVERY,,2.839448256599446,0.547047268453646,-18.542188747091398,-772.0984742681368,HARD83_CA_RMSD,16,452,2.8394482565994483,0.5470472684536464,16,452,436,AVAILABLE,CA,single_direct_prediction_to_reference_all_mapped_nonloop_CA_Kabsch,7142d41c0db1966db18627ff87fb8ae6006d3cfe4a00c195dabb62cd9706a52e,1b90b279d574e4e56b9f4dc40c488aba43429ba3423f7c8e8086c39c594dbaa8,db5f5d44667d1af3b06df1b56aed3f91df453678a6ea817de993d875765eaf33,route_process_and_children_cumulative_plus_exact_measured_preparation_reuse,533a5549d5d8722f0ea43ce418c009a589c288696d906e4dd5e386945fd0fd83,routing/qualification/budgeted_run/runs/bench48_repaired_20260920/production/533a5549d5d8722f0ea43ce418c009a589c288696d906e4dd5e386945fd0fd83/rows/38/terminal.json,
P98,39,hard83,hard:acd718793091aa45326b75976f578304ed7fa26fe816acf9e03efeab33ab2ff9,H30-8cb67708d34b6b0c,48,True,VALID,COMPLETE,True,True,33.199572716,33.199572716,0,False,33.199572716,16.625018910976557,23.843098855999415,0.04486942000221461,POLICY_DELIVERY,,1.4178803885840163,0.36282129974832317,1.0073795049744074,-266.824678004508,HARD83_CA_RMSD,16,269,1.4178803885840139,0.3628212997483223,16,269,253,AVAILABLE,CA,single_direct_prediction_to_reference_all_mapped_nonloop_CA_Kabsch,32a7fb4b6322ce00d582810e76c039245a8743e86fd79850abfb19065324ec67,2fd5f96ab233803e68ce7a7362f6ba797c922edb0ca79a41247c7cbbce2b752e,9309dcc8e8fab5cf0e0a9ddbc9bef2d6a4d7a5945e60666739445a58ed7d3fdc,route_process_and_children_cumulative_plus_exact_measured_preparation_reuse,533a5549d5d8722f0ea43ce418c009a589c288696d906e4dd5e386945fd0fd83,routing/qualification/budgeted_run/runs/bench48_repaired_20260920/production/533a5549d5d8722f0ea43ce418c009a589c288696d906e4dd5e386945fd0fd83/rows/39/terminal.json,
P98,40,hard83,hard:448afa05a677a0f18d2ea00bb533bc3e4309d8df97763d8f82d79d82e9697c96,H30-6e3f83f75c8dec0b,48,True,VALID,COMPLETE,True,True,853.110407174,853.110407174,0,False,853.110407174,716.382176646189,843.8061236789945,0.1339234100014437,POLICY_DELIVERY,,0.41651405085631527,0.0692988023105833,-19.675046121827442,-431.3144435932551,HARD83_CA_RMSD,8,289,0.41651405085631177,0.06929880231058272,8,289,281,AVAILABLE,CA,single_direct_prediction_to_reference_all_mapped_nonloop_CA_Kabsch,890ba90e239d56e7a1774d9862366c843463152c03cce9d1a43b8dbd615eb492,7585c129f40535b7c4fa4bc1877e698fbcbe0a42b7c800d2507b4c92ffc6f758,cf0be8e483181947f3a7d13cd2488c9d6565bc5a3d0717dfdd767a307004beba,route_process_and_children_cumulative_plus_exact_measured_preparation_reuse,533a5549d5d8722f0ea43ce418c009a589c288696d906e4dd5e386945fd0fd83,routing/qualification/budgeted_run/runs/bench48_repaired_20260920/production/533a5549d5d8722f0ea43ce418c009a589c288696d906e4dd5e386945fd0fd83/rows/40/terminal.json,
P98,41,hard83,hard:0cfc0d39e2b43e4ca778b54dce75a3ce17027943d5eb45ab34fa3b45c87f7fcf,H30-8d94750e106e103c,48,True,VALID,COMPLETE,True,True,20.357934163,20.357934163,0,False,20.357934163,12.265210617937505,14.749057612003526,0.04483321699080989,POLICY_DELIVERY,,7.22624271293079,2.2076855552610373,-24.734733187449272,149.27456054057245,HARD83_CA_RMSD,12,129,7.226242712930792,2.2076855552610377,12,129,117,AVAILABLE,CA,single_direct_prediction_to_reference_all_mapped_nonloop_CA_Kabsch,9e8dca9e117ce9a61c073b4f97f971d8200859dd867a422ce3b48f94e4ce6024,8ebe740822beb4c4287b8d18d7ab7b53ae01b628fc0d5867950f064875692698,7cc587014b67fb6649464c123a1b6d5124b5292d2735b0ffb7dfad9c6b11657b,route_process_and_children_cumulative_plus_exact_measured_preparation_reuse,533a5549d5d8722f0ea43ce418c009a589c288696d906e4dd5e386945fd0fd83,routing/qualification/budgeted_run/runs/bench48_repaired_20260920/production/533a5549d5d8722f0ea43ce418c009a589c288696d906e4dd5e386945fd0fd83/rows/41/terminal.json,
P98,42,hard83,hard:0393f3b3f3c71b265946ccd11442163d34e5cdffbe17baf43ce06464d3a669ae,H30-929e369fb803878a,48,True,VALID,COMPLETE,True,True,1646.2232576560002,1646.2232576560002,0,False,1646.2232576560002,1615.271031436047,1629.2890551119926,0.13510135099932086,POLICY_DELIVERY,,3.0345029169500806,0.718993758964829,-3.447050128334961,-337.1594577275654,HARD83_CA_RMSD,16,285,3.0345029169500815,0.7189937589648293,16,285,269,AVAILABLE,CA,single_direct_prediction_to_reference_all_mapped_nonloop_CA_Kabsch,57ed07d6a9aae0b89ed086004e2cb8c8e10b403a9b5f9453a2ee7b88cc24aab1,6ad92a4a7282de2408d8cae840b0cd0a1a60ea0c87bd77811c208002a7b43f21,b9184e27cfac6b1218fd86933d25e0ded53ae1b5ba2239a3c2aa2829e0f2a63f,route_process_and_children_cumulative_plus_exact_measured_preparation_reuse,533a5549d5d8722f0ea43ce418c009a589c288696d906e4dd5e386945fd0fd83,routing/qualification/budgeted_run/runs/bench48_repaired_20260920/production/533a5549d5d8722f0ea43ce418c009a589c288696d906e4dd5e386945fd0fd83/rows/42/terminal.json,
P98,43,hard83,hard:9b16088ed764dd49aba3fd32fb7c35f6a024b99dbb8b29397fa3fcde7f677b18,H30-e6e425f39b53c17b,48,True,VALID,COMPLETE,True,True,897.5311576309999,897.5311576309999,0,False,897.5311576309999,716.9553213354272,887.5760708019952,19.111404712995864,POLICY_DELIVERY,,0.4160347647636578,0.06816579186800371,-16.264050232293783,-565.5069094113392,HARD83_CA_RMSD,8,298,0.41603476476365725,0.06816579186800362,8,298,290,AVAILABLE,CA,single_direct_prediction_to_reference_all_mapped_nonloop_CA_Kabsch,79bf2f8e50594cdf02bcfafcf1745af0ca091c1c7c9a80d44fe22b69d373358f,8d18f54ec232f90bb172bc0b6d6fed19b01f55dc18b70e398793ef1a7c9052d8,07d42d0fea6e205b0032a52db5cdff12d54a481cd3051c2703f3060fcece75cd,route_process_and_children_cumulative_plus_exact_measured_preparation_reuse,533a5549d5d8722f0ea43ce418c009a589c288696d906e4dd5e386945fd0fd83,routing/qualification/budgeted_run/runs/bench48_repaired_20260920/production/533a5549d5d8722f0ea43ce418c009a589c288696d906e4dd5e386945fd0fd83/rows/43/terminal.json,
P98,44,hard83,hard:0f6d7075aaf29507491027139c421bf3437e54a00ecb9f81129495904e3f48b5,H30-cd3236b355613a5f,48,True,VALID,COMPLETE,True,True,32.216373002,32.216373002,0,False,32.216373002,17.17761666741406,25.01706389199535,19.09096823699656,POLICY_DELIVERY,,5.353607815645538,1.1134535762900049,11.629413946737008,-546.175180914361,HARD83_CA_RMSD,12,279,5.353607815645541,1.1134535762900055,12,279,267,AVAILABLE,CA,single_direct_prediction_to_reference_all_mapped_nonloop_CA_Kabsch,d31d94444bf97af27066c53afda94c7bfeb2b87c571c702af54b9027a665e3f3,0944975722cfb02be27671bbf5bb35b0c4cb2fb7cb7a679c1948729455219ac7,ee23a608b043fb20786c0861fcc99d723523cc792a896b46ba2449f7a87d2c56,route_process_and_children_cumulative_plus_exact_measured_preparation_reuse,533a5549d5d8722f0ea43ce418c009a589c288696d906e4dd5e386945fd0fd83,routing/qualification/budgeted_run/runs/bench48_repaired_20260920/production/533a5549d5d8722f0ea43ce418c009a589c288696d906e4dd5e386945fd0fd83/rows/44/terminal.json,
P98,45,hard83,hard:1068df55ee33e05c1d0d5daf3cbae66621a99622bdec89b7d5baae7bf52e2c6f,H30-e606c00a8967ec92,48,True,VALID,COMPLETE,True,True,1578.607006937,1578.607006937,0,False,1578.607006937,1513.4050695346589,1565.421701322004,17.471910980995744,POLICY_DELIVERY,,8.581857409050267,2.680521911125972,-43.42263270422264,-444.4339581938746,HARD83_CA_RMSD,16,164,8.581857409050272,2.680521911125974,16,164,148,AVAILABLE,CA,single_direct_prediction_to_reference_all_mapped_nonloop_CA_Kabsch,9b8e6edd5fe4fc327117e8684bc029a650bb76da75b732e6441f34d8d0d416f4,1b97ea03c2d6abd52ce332e1c390d185962e3edf245279f01804916ac448a32d,bfc790fa625877388f2167130bda2060611c0216ac260c45a60c6c1e1cef9471,route_process_and_children_cumulative_plus_exact_measured_preparation_reuse,533a5549d5d8722f0ea43ce418c009a589c288696d906e4dd5e386945fd0fd83,routing/qualification/budgeted_run/runs/bench48_repaired_20260920/production/533a5549d5d8722f0ea43ce418c009a589c288696d906e4dd5e386945fd0fd83/rows/45/terminal.json,
P98,46,hard83,hard:c1bbcf70cbcbbae5f27ced59a155b26504751a6088c521b2b7a67a1f8b73404c,H30-2ec6c5d94e3a02ca,48,True,VALID,COMPLETE,True,True,734.9907033840001,734.9907033840001,0,False,734.9907033840001,716.0443855554284,727.6708341449994,18.386118241003715,POLICY_DELIVERY,,0.3642961095123849,0.08223367525242625,-20.91471247260576,-296.97545990692805,HARD83_CA_RMSD,8,157,0.36429610951238434,0.08223367525242614,8,157,149,AVAILABLE,CA,single_direct_prediction_to_reference_all_mapped_nonloop_CA_Kabsch,9954665079b9722b76321bc87e2a1d03c74aac50ba9d33c60c9f2dcf4652cb75,849868a9b95f888fe8683a0d9666e1ee19e3acb2f2d85220807aa34fd8526e8e,11197e6aebf522944dc7accee7a496e3704513c5bc35174d55ac410675dc3148,route_process_and_children_cumulative_plus_exact_measured_preparation_reuse,533a5549d5d8722f0ea43ce418c009a589c288696d906e4dd5e386945fd0fd83,routing/qualification/budgeted_run/runs/bench48_repaired_20260920/production/533a5549d5d8722f0ea43ce418c009a589c288696d906e4dd5e386945fd0fd83/rows/46/terminal.json,
P98,47,hard83,hard:1867e59e6d1ce7d2f1c935e5cd0731cd08d23fa52cc621b36da846a025da6373,H30-192c42ffbc1f9f74,48,True,VALID,COMPLETE,True,True,858.483088475,858.483088475,0,False,858.483088475,717.0989317938178,849.0982665229967,0.04494012999930419,POLICY_DELIVERY,,0.29287478629533104,0.0619733839526807,-36.22341438525988,-413.2434736844564,HARD83_CA_RMSD,12,268,0.29287478629532804,0.06197338395268005,12,268,256,AVAILABLE,CA,single_direct_prediction_to_reference_all_mapped_nonloop_CA_Kabsch,56a3156142594d2d50dae34539831b5c7a13f16c56373912a4ce5a3db5419ad3,aab42985a4ee40cfb4870e398562cac4b7e7cb65fc474583bfe7e867031fae53,a0b03b8ee5d71f3657391c2a50dba3f5bcc8f119326d465792b111efa1bb7c17,route_process_and_children_cumulative_plus_exact_measured_preparation_reuse,533a5549d5d8722f0ea43ce418c009a589c288696d906e4dd5e386945fd0fd83,routing/qualification/budgeted_run/runs/bench48_repaired_20260920/production/533a5549d5d8722f0ea43ce418c009a589c288696d906e4dd5e386945fd0fd83/rows/47/terminal.json,
NGK,0,ws280,ws:W-N-1dwkA-24-27-0,H30-e477322d87caa3c9,48,True,VALID,COMPLETE,True,True,445.63780249800004,445.63780249800004,0,True,0.0,398.97240730717226,438.97454405899043,0.015391569002531469,POLICY_DELIVERY,,0.0807306766005058,0.025938986897551555,-39.854799187848464,-147.16872304206464,WS_SOURCE_FRAME_BACKBONE_RMSD,16,155,0.13140960905479473,0.025855869296030818,6,155,149,AVAILABLE,CA,single_direct_prediction_to_reference_all_mapped_nonloop_CA_Kabsch,347b1b739ac5ac91d7a92fe5f553abdfab69062eb7f8fc012568033a6a0c1dcd,b299bb92154e79ac5aed2d93893f76e861c4eebf7d0f5faa8282b58b3038ee87,cd5c7c8b85807ec38e41c772aa0a2a10fc294bb2966a5f5a35c81db77370b78c,route_process_and_children_cumulative_plus_exact_measured_preparation_reuse,b07ae350f31981ef8b14fa7813d68f61edd5bd05272c947b8c14688b0049c57a,routing/qualification/budgeted_run/runs/bench48_repaired_20260920/production/b07ae350f31981ef8b14fa7813d68f61edd5bd05272c947b8c14688b0049c57a/rows/00/terminal.json,
NGK,1,ws280,ws:W-R03-0,H30-7048216324104d26,48,True,VALID,COMPLETE,True,True,1758.124359115,1758.124359115,0,True,0.0,1734.6575747780525,1745.0722048000025,0.015229628013912588,POLICY_DELIVERY,,2.449272973010143,1.2229705288566604,-8.448651268438937,53.72447106651424,WS_SOURCE_FRAME_BACKBONE_RMSD,13,136,1.8005602244238044,1.281859059691506,10,136,126,AVAILABLE,CA,single_direct_prediction_to_reference_all_mapped_nonloop_CA_Kabsch,f896fb448bddb029e9fd13b82f651faffd17fee05d52ae3b7d9f8ac9c23735cb,7f5ea55b1e9543b13f04581a39dfdbce0e6295b582625ce18043a7792f1d1fd2,f5aef6df1ae420e7d21c4c4e739136c86179f91ae14d8d56d1a4aa3345440635,route_process_and_children_cumulative_plus_exact_measured_preparation_reuse,b07ae350f31981ef8b14fa7813d68f61edd5bd05272c947b8c14688b0049c57a,routing/qualification/budgeted_run/runs/bench48_repaired_20260920/production/b07ae350f31981ef8b14fa7813d68f61edd5bd05272c947b8c14688b0049c57a/rows/01/terminal.json,
NGK,2,ws280,ws:W-D06-0,H30-0ac16984a084686f,48,True,VALID,COMPLETE,True,True,226.995531782,226.995531782,0,True,0.0,235.46020131570552,222.05671213500318,0.016843126999447122,POLICY_DELIVERY,,0.08848222048213443,0.03397013597563017,-28.969621403691974,-131.3268701689555,WS_SOURCE_FRAME_BACKBONE_RMSD,14,95,0.15307121837678023,0.03141323878054044,4,95,91,AVAILABLE,CA,single_direct_prediction_to_reference_all_mapped_nonloop_CA_Kabsch,048765ec24d10fce21b6d5a61745b22b353007828f404ab89900b2f365000077,90a0f71172203a5710e50c64737defa5761e01c0d0f3d0da106df92d209a924b,a6c35b611d1ab0a4eaf987638e6d40fce8b9b3fdf90f9c25aa9dc4d42e74b6a1,route_process_and_children_cumulative_plus_exact_measured_preparation_reuse,b07ae350f31981ef8b14fa7813d68f61edd5bd05272c947b8c14688b0049c57a,routing/qualification/budgeted_run/runs/bench48_repaired_20260920/production/b07ae350f31981ef8b14fa7813d68f61edd5bd05272c947b8c14688b0049c57a/rows/02/terminal.json,
NGK,3,ws280,ws:W-N-4bfoA-62-66-0,H30-bb66adce5be248b4,48,True,VALID,COMPLETE,True,True,471.586263135,471.586263135,0,True,0.0,442.47504780978005,464.9158190820017,0.015967176004778594,POLICY_DELIVERY,,0.2537130615458564,0.10160492161297613,-55.870361550738465,-210.58828512222613,WS_SOURCE_FRAME_BACKBONE_RMSD,17,106,0.4157201332295765,0.10683105860353577,7,106,99,AVAILABLE,CA,single_direct_prediction_to_reference_all_mapped_nonloop_CA_Kabsch,03a04cedd44ec4cbe49a1891f1c749b402ef018aa206ec09101d8e07c89aee92,98a36f008ee88f8abbae3c3c06d030e43f508dc8de4408207a73f2b2109bf86d,0fcafd747633c441baa62bc1a48e0374d489983a558fa2ac1dff892b7200e92d,route_process_and_children_cumulative_plus_exact_measured_preparation_reuse,b07ae350f31981ef8b14fa7813d68f61edd5bd05272c947b8c14688b0049c57a,routing/qualification/budgeted_run/runs/bench48_repaired_20260920/production/b07ae350f31981ef8b14fa7813d68f61edd5bd05272c947b8c14688b0049c57a/rows/03/terminal.json,
NGK,4,ws280,ws:W-R04-0,H30-46053e2d52453997,48,True,VALID,COMPLETE,True,True,732.2467657259999,732.2467657259999,0,True,0.0,704.5220320295288,725.0163979759964,0.0162925920158159,POLICY_DELIVERY,,7.540228452811061,3.7103933285915964,-18.43502911358045,-88.86748484858859,WS_SOURCE_FRAME_BACKBONE_RMSD,19,83,9.845826137949723,3.68167245714949,11,83,72,AVAILABLE,CA,single_direct_prediction_to_reference_all_mapped_nonloop_CA_Kabsch,f20ccc48ee4c6bb629024b23682bc4f2d8205a543d9646e69e34a2df23f65e48,4227a18334bee2941e920a4d84ed02d6f6eb92142444b81eb9a9c9ca7a12d2f6,f89cbb2799c2e819751cb85683ffaee58dc7fc35f43d5745b568d8af9142262d,route_process_and_children_cumulative_plus_exact_measured_preparation_reuse,b07ae350f31981ef8b14fa7813d68f61edd5bd05272c947b8c14688b0049c57a,routing/qualification/budgeted_run/runs/bench48_repaired_20260920/production/b07ae350f31981ef8b14fa7813d68f61edd5bd05272c947b8c14688b0049c57a/rows/04/terminal.json,
NGK,5,ws280,ws:W-D08-0,H30-0ff41df978fc6f9a,48,True,VALID,COMPLETE,True,True,519.7626066550001,519.7626066550001,0,True,0.0,472.9475875722273,512.3026518299885,0.01813686001696624,POLICY_DELIVERY,,0.16852936889736933,0.049916470719089896,-31.474811368713134,-168.2012453233383,WS_SOURCE_FRAME_BACKBONE_RMSD,15,171,0.29426849943777356,0.05032148304726377,5,171,166,AVAILABLE,CA,single_direct_prediction_to_reference_all_mapped_nonloop_CA_Kabsch,8dd3cf78524a23f0ce03f7dd2003def153245ef3448aa066e6e49d5e771738b9,afb4d768997c92b980c64c18af471b1117c5132b0385cf337364e9e008ca0e24,39b4128a2bde6ad2404c86689c66395dfbb845414e78ee1f39c5a212d3bcc109,route_process_and_children_cumulative_plus_exact_measured_preparation_reuse,b07ae350f31981ef8b14fa7813d68f61edd5bd05272c947b8c14688b0049c57a,routing/qualification/budgeted_run/runs/bench48_repaired_20260920/production/b07ae350f31981ef8b14fa7813d68f61edd5bd05272c947b8c14688b0049c57a/rows/05/terminal.json,
NGK,6,ws280,ws:W-N-1fltX-47-52-0,H30-4d5cd78029b396ef,48,True,VALID,COMPLETE,True,True,617.1648228690001,617.1648228690001,0,True,0.0,631.9815316155964,607.5320524400158,510.58103892899817,POLICY_DELIVERY,,0.32395962712060844,0.14101504957591401,-13.557839225955231,-19.003160620104204,WS_SOURCE_FRAME_BACKBONE_RMSD,18,95,0.4057681007791578,0.11775010148863625,8,95,87,AVAILABLE,CA,single_direct_prediction_to_reference_all_mapped_nonloop_CA_Kabsch,734d1aa311ea798841772cb6b7b378a90c9b260dc23ded5c44243c322d464d56,dc2c6c4081ec86011e591e9d190ff031e766f0a395102e38c444f9982bc5e4a0,9cc984e6d39e50bb92149d17c61bbb8f8926921096bf4296e52d305db725a6cd,route_process_and_children_cumulative_plus_exact_measured_preparation_reuse,b07ae350f31981ef8b14fa7813d68f61edd5bd05272c947b8c14688b0049c57a,routing/qualification/budgeted_run/runs/bench48_repaired_20260920/production/b07ae350f31981ef8b14fa7813d68f61edd5bd05272c947b8c14688b0049c57a/rows/06/terminal.json,
NGK,7,ws280,ws:W-R02-0,H30-9e81484566871a14,48,True,VALID,COMPLETE,True,True,1205.998356734,1205.998356734,0,True,0.0,1113.759437279114,1196.6111838479992,0.018541452998761088,POLICY_DELIVERY,,2.0947242083425635,0.612793014795354,-15.858173105957517,-172.9811348944012,WS_SOURCE_FRAME_BACKBONE_RMSD,13,163,2.212524653384725,0.6368195114455347,13,163,150,AVAILABLE,CA,single_direct_prediction_to_reference_all_mapped_nonloop_CA_Kabsch,94aeca6a290852256a70eb46773f6f52487e1006da73444e982ac363a6e65258,1c273f550619f0d2e51c41e5e71980533d007851bcc95fcfefd1986a73db8bf6,48ed2aa7d43ee5f8b319b4ab6bffe0751f46e52a5304d0cc9283c357eec1709b,route_process_and_children_cumulative_plus_exact_measured_preparation_reuse,b07ae350f31981ef8b14fa7813d68f61edd5bd05272c947b8c14688b0049c57a,routing/qualification/budgeted_run/runs/bench48_repaired_20260920/production/b07ae350f31981ef8b14fa7813d68f61edd5bd05272c947b8c14688b0049c57a/rows/07/terminal.json,
NGK,8,ws280,ws:W-D04-0,H30-f00f0ee709c4fefa,48,True,VALID,COMPLETE,True,True,588.9473735480001,588.9473735480001,0,True,0.0,547.0844761979,580.8623685770144,0.018260033015394583,POLICY_DELIVERY,,0.12740744963341608,0.04070163915823685,-52.94150715260237,-147.60294015263224,WS_SOURCE_FRAME_BACKBONE_RMSD,15,147,0.17588748206215538,0.03553806782231536,6,147,141,AVAILABLE,CA,single_direct_prediction_to_reference_all_mapped_nonloop_CA_Kabsch,21ed7ce860ee5b35af26098f435d564909d7bce28064f88ba174b6ab349b878d,035760626a27191b1d2c1948c265fe1cdf39f41bc816441e6d71b0e1b7383756,ad420fa1f7c24e1c2f4e4187e0dddb6440a9d0892cb8f4d3263eef31f3750da5,route_process_and_children_cumulative_plus_exact_measured_preparation_reuse,b07ae350f31981ef8b14fa7813d68f61edd5bd05272c947b8c14688b0049c57a,routing/qualification/budgeted_run/runs/bench48_repaired_20260920/production/b07ae350f31981ef8b14fa7813d68f61edd5bd05272c947b8c14688b0049c57a/rows/08/terminal.json,
NGK,9,ws280,ws:W-N-2j7jA-28-31-0,H30-754a801456e03df6,48,True,VALID,COMPLETE,True,True,737.566662418,737.566662418,0,True,0.0,724.443249031054,729.8249790219998,0.017379658995196223,POLICY_DELIVERY,,0.23382044880980357,0.10144566118558848,-22.893130327720023,-47.526518912152746,WS_SOURCE_FRAME_BACKBONE_RMSD,16,85,0.2996249309102325,0.09749677829726995,9,85,76,AVAILABLE,CA,single_direct_prediction_to_reference_all_mapped_nonloop_CA_Kabsch,30a7d6dc429134f7e3cdd045283e8e002b12db37a68397bfa9640690ae10e0fb,721e3770006f8276216e3b151e822f081f1d4d64553067bf6db90a7ae475dcfa,ca30c62fd4b6db49ef4cfe4b52d0c0530b46fb6593cec05fe83ba2c2b5d2b0e7,route_process_and_children_cumulative_plus_exact_measured_preparation_reuse,b07ae350f31981ef8b14fa7813d68f61edd5bd05272c947b8c14688b0049c57a,routing/qualification/budgeted_run/runs/bench48_repaired_20260920/production/b07ae350f31981ef8b14fa7813d68f61edd5bd05272c947b8c14688b0049c57a/rows/09/terminal.json,
NGK,10,ws280,ws:W-R01-0,H30-e5f59827aa5aa6e5,48,True,VALID,COMPLETE,True,True,1760.3770732219998,1760.3770732219998,0,True,0.0,1695.0883246727626,1742.5334580540075,159.11369807398296,POLICY_DELIVERY,,0.9384629912814251,1.1981097810963044,-29.531155950221283,-89.13596963332759,WS_SOURCE_FRAME_BACKBONE_RMSD,13,156,0.7985258575610221,1.1782405721088336,17,156,139,AVAILABLE,CA,single_direct_prediction_to_reference_all_mapped_nonloop_CA_Kabsch,a30746d59071c682a23221bdccbc9fe000590a8d9eb3c50c916253a26281140e,b5f41ecc3ae60bcfe299368b01e5e0842dc01d8fba3eb98ddd6e92f6d60a8fef,1c2d77a8888d7e3b912d3c8560f3abc5708505ac514e6c700f947521006b8d34,route_process_and_children_cumulative_plus_exact_measured_preparation_reuse,b07ae350f31981ef8b14fa7813d68f61edd5bd05272c947b8c14688b0049c57a,routing/qualification/budgeted_run/runs/bench48_repaired_20260920/production/b07ae350f31981ef8b14fa7813d68f61edd5bd05272c947b8c14688b0049c57a/rows/10/terminal.json,
NGK,11,ws280,ws:W-D05-0,H30-68dd481407bacaed,48,True,VALID,COMPLETE,True,True,1371.0575082510002,1371.0575082510002,0,True,0.0,1351.9030698480583,1358.9590336759866,0.01865974598331377,POLICY_DELIVERY,,0.169916651842231,0.05985686245977643,-30.029010705880467,52.80160286188759,WS_SOURCE_FRAME_BACKBONE_RMSD,17,137,0.19570024395432792,0.04423920681677895,7,137,130,AVAILABLE,CA,single_direct_prediction_to_reference_all_mapped_nonloop_CA_Kabsch,08d9401b0470334dca6b6203287f82c0f7195e3a5b917220a7a5a7abfc453167,d9d74c8373ba36b145ee64500fc809c931ca390cddb49bbecb1172e0509fb9ad,11106275ce55c7dacff18ecef0a0dd109046e543dabc46f49a934bedc8880ba3,route_process_and_children_cumulative_plus_exact_measured_preparation_reuse,b07ae350f31981ef8b14fa7813d68f61edd5bd05272c947b8c14688b0049c57a,routing/qualification/budgeted_run/runs/bench48_repaired_20260920/production/b07ae350f31981ef8b14fa7813d68f61edd5bd05272c947b8c14688b0049c57a/rows/11/terminal.json,
NGK,12,ws280,ws:W-N-2rjiA-34-41-0,H30-a209684961e38d8d,48,True,VALID,COMPLETE,True,True,867.365916986,867.365916986,0,True,0.0,845.5418658933274,859.1558843949751,0.011621993995504454,POLICY_DELIVERY,,0.5050780159948668,0.24645285174265116,-32.25502069214147,-96.76304047333693,WS_SOURCE_FRAME_BACKBONE_RMSD,20,84,0.5272200894007745,0.18190823919094376,10,84,74,AVAILABLE,CA,single_direct_prediction_to_reference_all_mapped_nonloop_CA_Kabsch,d094eadbbfe22e642dc2c3799cce12dc2637ce730ed49a429e94bc9ac6816771,bc07ac2e0938cfb9696efac241929a345155a234349aea1719d0201c380c039e,412a47561820ec08f71462f2521a3a4bc05e866e3d4988e5099a2b7c2d998c12,route_process_and_children_cumulative_plus_exact_measured_preparation_reuse,b07ae350f31981ef8b14fa7813d68f61edd5bd05272c947b8c14688b0049c57a,routing/qualification/budgeted_run/runs/bench48_repaired_20260920/production/b07ae350f31981ef8b14fa7813d68f61edd5bd05272c947b8c14688b0049c57a/rows/12/terminal.json,
NGK,13,ws280,ws:W-D13-0,H30-8d721988086f54c5,48,True,VALID,COMPLETE,True,True,1228.016684746,1228.016684746,0,True,0.0,1270.3853667201017,1216.2700955499895,11.68820968401269,POLICY_DELIVERY,,3.88569122893345,1.4838729227189402,-27.808082992650224,-132.15461720804984,WS_SOURCE_FRAME_BACKBONE_RMSD,14,96,4.207363913037772,1.4875278472139695,12,96,84,AVAILABLE,CA,single_direct_prediction_to_reference_all_mapped_nonloop_CA_Kabsch,eb7673aebb7a01ca06fb33c498069f18f28a7b308f402e040980dd9a5b19c4c9,163e3e11ed8464e5a1c949d065f4e590f5c6cae211f5efb742a58d2d9f0c5fdc,e966c8e1e99029dee54ab40c7ffcf33be576727fc0a8247f22ae5b454f9ba600,route_process_and_children_cumulative_plus_exact_measured_preparation_reuse,b07ae350f31981ef8b14fa7813d68f61edd5bd05272c947b8c14688b0049c57a,routing/qualification/budgeted_run/runs/bench48_repaired_20260920/production/b07ae350f31981ef8b14fa7813d68f61edd5bd05272c947b8c14688b0049c57a/rows/13/terminal.json,
NGK,14,ws280,ws:W-N-1eyhA-14-22-0,H30-d96146015e38c8fd,48,True,VALID,COMPLETE,True,True,1644.6553837799997,1644.6553837799997,0,True,0.0,1606.805670358585,1633.0993954160076,0.008548434998374432,POLICY_DELIVERY,,0.7354182538509566,0.2808424961498937,-52.70311851552586,-277.7328591708451,WS_SOURCE_FRAME_BACKBONE_RMSD,21,144,1.0194590660217167,0.281763613458093,11,144,133,AVAILABLE,CA,single_direct_prediction_to_reference_all_mapped_nonloop_CA_Kabsch,5b10858b8f8f80b1c2fd0aeaec01abf67b9f85dd241aee57e38f64f70d0433ec,7f635c47122fe210eafc60bede4ef0375ab5fb4ad9728d1c17be67110dd7ffd5,286bff8bde19bcfd91a8aeb00dae1247eb00976794120d44315ccc6c4865c5c6,route_process_and_children_cumulative_plus_exact_measured_preparation_reuse,b07ae350f31981ef8b14fa7813d68f61edd5bd05272c947b8c14688b0049c57a,routing/qualification/budgeted_run/runs/bench48_repaired_20260920/production/b07ae350f31981ef8b14fa7813d68f61edd5bd05272c947b8c14688b0049c57a/rows/14/terminal.json,
NGK,15,ws280,ws:W-D02-0,H30-8b4fa870dc66499b,48,True,VALID,COMPLETE,True,True,1213.142479476,1213.142479476,0,True,0.0,1197.423969964132,1205.7588787029963,9.259887580003124,POLICY_DELIVERY,,0.47408630594118195,0.205212638512023,-38.95540619088941,-176.04256444113284,WS_SOURCE_FRAME_BACKBONE_RMSD,17,91,0.5402741445107447,0.20420495695352756,13,91,78,AVAILABLE,CA,single_direct_prediction_to_reference_all_mapped_nonloop_CA_Kabsch,2e97ecdf97a6e33f1aab260c9316df223d33b784bf35e85675f0049f747786dd,7399eb3c63296042989416e44b5deee69e5bc7fd6b0451fde48b5d4df2186e13,c56ba5dd30981ffde30c1558bef4a093a64f84c4f23f6b0cbe7eff827487c543,route_process_and_children_cumulative_plus_exact_measured_preparation_reuse,b07ae350f31981ef8b14fa7813d68f61edd5bd05272c947b8c14688b0049c57a,routing/qualification/budgeted_run/runs/bench48_repaired_20260920/production/b07ae350f31981ef8b14fa7813d68f61edd5bd05272c947b8c14688b0049c57a/rows/15/terminal.json,
NGK,16,ws280,ws:S-N-1dwkA-24-27-0,H30-e477322d87caa3c9,48,True,VALID,COMPLETE,True,True,451.412377731,451.412377731,0,True,0.0,396.4838332680596,445.8257713030034,0.007806510984664783,POLICY_DELIVERY,,0.20147796398784926,0.06473242716003123,-39.68880288618266,-146.71503670870447,WS_SOURCE_FRAME_BACKBONE_RMSD,16,155,0.2852036132596765,0.06152279111829599,6,155,149,AVAILABLE,CA,single_direct_prediction_to_reference_all_mapped_nonloop_CA_Kabsch,b45338e5fa30f105acafdf71a08b87b17b1f941c971468bc2a63baf65eaa7738,92f736c091462edc8cbd58ac5b51c6cfaf2a833effc854e97754dd2d4bb7f720,cd5c7c8b85807ec38e41c772aa0a2a10fc294bb2966a5f5a35c81db77370b78c,route_process_and_children_cumulative_plus_exact_measured_preparation_reuse,b07ae350f31981ef8b14fa7813d68f61edd5bd05272c947b8c14688b0049c57a,routing/qualification/budgeted_run/runs/bench48_repaired_20260920/production/b07ae350f31981ef8b14fa7813d68f61edd5bd05272c947b8c14688b0049c57a/rows/16/terminal.json,
NGK,17,ws280,ws:S-R03-0,H30-7048216324104d26,48,True,VALID,COMPLETE,True,True,1753.728605097,1750.8448879409998,2.8837171559999994,False,1750.8448879409998,1591.638342140497,1734.8692870119994,0.0500351790105924,POLICY_DELIVERY,,2.3513189127695715,1.2048433886858183,85.3808187687043,163.21730741511362,WS_SOURCE_FRAME_BACKBONE_RMSD,13,136,1.5070580263017324,1.2537141572901254,10,136,126,AVAILABLE,CA,single_direct_prediction_to_reference_all_mapped_nonloop_CA_Kabsch,c80b445ce32cf0a3720d8e91ce027420c32d61ddd566a4d9c39c3be3784b0179,85c387059b518b702a5c02c6dc9eed8e9ae7635861778fdc3177bd0b6af95041,f5aef6df1ae420e7d21c4c4e739136c86179f91ae14d8d56d1a4aa3345440635,route_process_and_children_cumulative_plus_exact_measured_preparation_reuse,b07ae350f31981ef8b14fa7813d68f61edd5bd05272c947b8c14688b0049c57a,routing/qualification/budgeted_run/runs/bench48_repaired_20260920/production/b07ae350f31981ef8b14fa7813d68f61edd5bd05272c947b8c14688b0049c57a/rows/17/terminal.json,
NGK,18,ws280,ws:S-D06-0,H30-0ac16984a084686f,48,True,VALID,COMPLETE,True,True,236.808340193,236.808340193,0,True,0.0,238.19022279866505,228.65280950200395,676.8104939829791,POLICY_DELIVERY,,0.11489039456028947,0.0441048486034747,-29.723215637479537,-131.8906104329555,WS_SOURCE_FRAME_BACKBONE_RMSD,14,95,0.17373907016562448,0.039106481212506664,4,95,91,AVAILABLE,CA,single_direct_prediction_to_reference_all_mapped_nonloop_CA_Kabsch,1d6891069f6a930b3c0f38358a01a437635600dbef7f85b639b1716020c2bdba,d723a13a3ca2f94223ada868d541c7092c2c0d1846401217b308c0748ec734c9,a6c35b611d1ab0a4eaf987638e6d40fce8b9b3fdf90f9c25aa9dc4d42e74b6a1,route_process_and_children_cumulative_plus_exact_measured_preparation_reuse,b07ae350f31981ef8b14fa7813d68f61edd5bd05272c947b8c14688b0049c57a,routing/qualification/budgeted_run/runs/bench48_repaired_20260920/production/b07ae350f31981ef8b14fa7813d68f61edd5bd05272c947b8c14688b0049c57a/rows/18/terminal.json,
NGK,19,ws280,ws:S-N-4bfoA-62-66-0,H30-bb66adce5be248b4,48,True,VALID,COMPLETE,True,True,446.38831583699994,446.38831583699994,0,True,0.0,418.05495573077854,442.1814873999974,0.008252072002505884,POLICY_DELIVERY,,0.46281449606861574,0.18534399180018313,-53.38833247794388,-209.7493114195545,WS_SOURCE_FRAME_BACKBONE_RMSD,17,106,0.7840856402405327,0.20355312940020495,7,106,99,AVAILABLE,CA,single_direct_prediction_to_reference_all_mapped_nonloop_CA_Kabsch,b87dac4ad0a98c33b22b49c88c845605c60cfd8431e1bdf013ed01c387e9fd2f,0c908d1d8b21c66a979c73fc414182ceeed2ba9d7d753ff564ba3becf220533b,0fcafd747633c441baa62bc1a48e0374d489983a558fa2ac1dff892b7200e92d,route_process_and_children_cumulative_plus_exact_measured_preparation_reuse,b07ae350f31981ef8b14fa7813d68f61edd5bd05272c947b8c14688b0049c57a,routing/qualification/budgeted_run/runs/bench48_repaired_20260920/production/b07ae350f31981ef8b14fa7813d68f61edd5bd05272c947b8c14688b0049c57a/rows/19/terminal.json,
NGK,20,ws280,ws:S-R04-0,H30-46053e2d52453997,48,True,VALID,COMPLETE,True,True,733.6828061230001,733.6828061230001,0,True,0.0,698.3811284649048,729.0958303720108,0.008516923000570387,POLICY_DELIVERY,,7.540228452811061,3.7103933285915964,-18.43502911358045,-88.86748484858859,WS_SOURCE_FRAME_BACKBONE_RMSD,19,83,9.845826137949723,3.68167245714949,11,83,72,AVAILABLE,CA,single_direct_prediction_to_reference_all_mapped_nonloop_CA_Kabsch,e131e1374b8296f137319ca66462ad0801bc2a489317fc3110a570fb2308dcc4,4c844d9acf36c7493f7b0611e3aa6a9220056adaee0f30470f4d0fc9d6b30059,f89cbb2799c2e819751cb85683ffaee58dc7fc35f43d5745b568d8af9142262d,route_process_and_children_cumulative_plus_exact_measured_preparation_reuse,b07ae350f31981ef8b14fa7813d68f61edd5bd05272c947b8c14688b0049c57a,routing/qualification/budgeted_run/runs/bench48_repaired_20260920/production/b07ae350f31981ef8b14fa7813d68f61edd5bd05272c947b8c14688b0049c57a/rows/20/terminal.json,
NGK,21,ws280,ws:S-D08-0,H30-0ff41df978fc6f9a,48,True,VALID,COMPLETE,True,True,546.9835816110001,546.9835816110001,0,True,0.0,502.11898502078424,541.4245101189881,8.15189245302463,POLICY_DELIVERY,,0.22128502326754274,0.06553902094089303,-30.61855543520746,-172.94425571530627,WS_SOURCE_FRAME_BACKBONE_RMSD,15,171,0.3179498529834427,0.05623603062520827,5,171,166,AVAILABLE,CA,single_direct_prediction_to_reference_all_mapped_nonloop_CA_Kabsch,7ffcc8151bafb5b4a3b12e08c374ce820d19de9d4d41bd4f0951099ae9011c35,67b5307747d82b14f4446fba921783b86397bf7a5daaeb4fdf43b8e1c5026dc2,39b4128a2bde6ad2404c86689c66395dfbb845414e78ee1f39c5a212d3bcc109,route_process_and_children_cumulative_plus_exact_measured_preparation_reuse,b07ae350f31981ef8b14fa7813d68f61edd5bd05272c947b8c14688b0049c57a,routing/qualification/budgeted_run/runs/bench48_repaired_20260920/production/b07ae350f31981ef8b14fa7813d68f61edd5bd05272c947b8c14688b0049c57a/rows/21/terminal.json,
NGK,22,ws280,ws:S-N-1fltX-47-52-0,H30-4d5cd78029b396ef,48,True,VALID,COMPLETE,True,True,606.0015068659999,606.0015068659999,0,True,0.0,621.5331837105522,601.2965467780014,117.46025853799074,POLICY_DELIVERY,,0.4417358046243653,0.1922813441903343,-13.469576105590713,-21.782687375589084,WS_SOURCE_FRAME_BACKBONE_RMSD,18,95,0.6016340676051593,0.17775815534260836,8,95,87,AVAILABLE,CA,single_direct_prediction_to_reference_all_mapped_nonloop_CA_Kabsch,27540ad0610b835d2b402f505dba2c711df745bc32455b414d4631420bc84cbc,e931fd3d94d4213f047b35957f142624cc05c2c064f09f6cbd12d374b5f85248,9cc984e6d39e50bb92149d17c61bbb8f8926921096bf4296e52d305db725a6cd,route_process_and_children_cumulative_plus_exact_measured_preparation_reuse,b07ae350f31981ef8b14fa7813d68f61edd5bd05272c947b8c14688b0049c57a,routing/qualification/budgeted_run/runs/bench48_repaired_20260920/production/b07ae350f31981ef8b14fa7813d68f61edd5bd05272c947b8c14688b0049c57a/rows/22/terminal.json,
NGK,23,ws280,ws:S-R02-0,H30-9e81484566871a14,48,True,VALID,COMPLETE,True,True,1220.7128620919998,1220.7128620919998,0,True,0.0,1147.5767479813421,1213.3057057780097,46.84274692798499,POLICY_DELIVERY,,0.9720976755224122,0.3048721990146196,-24.99197202527042,-183.99860725236604,WS_SOURCE_FRAME_BACKBONE_RMSD,13,163,0.885611325739347,0.27868933414563085,13,163,150,AVAILABLE,CA,single_direct_prediction_to_reference_all_mapped_nonloop_CA_Kabsch,f4a46ffdd96bf50ed3f7393e54ca56fbbb0aef324d1f238c705a4875eb9fd668,6c497246f1e320359842e1e4809a87035ad3be53ccfc384f1b5c0ec07764037b,48ed2aa7d43ee5f8b319b4ab6bffe0751f46e52a5304d0cc9283c357eec1709b,route_process_and_children_cumulative_plus_exact_measured_preparation_reuse,b07ae350f31981ef8b14fa7813d68f61edd5bd05272c947b8c14688b0049c57a,routing/qualification/budgeted_run/runs/bench48_repaired_20260920/production/b07ae350f31981ef8b14fa7813d68f61edd5bd05272c947b8c14688b0049c57a/rows/23/terminal.json,
NGK,24,ws280,ws:S-D04-0,H30-f00f0ee709c4fefa,48,True,VALID,COMPLETE,True,True,588.199298008,588.199298008,0,True,0.0,551.262269925524,582.3366498260002,69.05837069998961,POLICY_DELIVERY,,0.1160832804725015,0.03708148284417206,-52.978837566518315,-143.1599769968949,WS_SOURCE_FRAME_BACKBONE_RMSD,15,147,0.16957446040289104,0.03441346619074268,6,147,141,AVAILABLE,CA,single_direct_prediction_to_reference_all_mapped_nonloop_CA_Kabsch,d32705531b32fc826e7ed3e51ca8732ea718749830a90cda333b533a1a3020aa,c68077c41c0584bf687ed598a75e33529604a7a8c19d4213ca824fbaf62fd2cb,ad420fa1f7c24e1c2f4e4187e0dddb6440a9d0892cb8f4d3263eef31f3750da5,route_process_and_children_cumulative_plus_exact_measured_preparation_reuse,b07ae350f31981ef8b14fa7813d68f61edd5bd05272c947b8c14688b0049c57a,routing/qualification/budgeted_run/runs/bench48_repaired_20260920/production/b07ae350f31981ef8b14fa7813d68f61edd5bd05272c947b8c14688b0049c57a/rows/24/terminal.json,
NGK,25,ws280,ws:S-N-2j7jA-28-31-0,H30-754a801456e03df6,48,True,VALID,COMPLETE,True,True,763.7437534180001,763.7437534180001,0,True,0.0,743.8645019320064,758.331964410987,202.86764416101505,POLICY_DELIVERY,,0.21832066669971759,0.09472086329648773,-20.923209928009776,-47.02998356326233,WS_SOURCE_FRAME_BACKBONE_RMSD,16,85,0.2610060629802989,0.085933255324751,9,85,76,AVAILABLE,CA,single_direct_prediction_to_reference_all_mapped_nonloop_CA_Kabsch,f27ecb0904f7af36310decd393eca15852a911ad3bb1897c4cf7da75c630e161,847d400e253b396c12b09558cd72941f4c434a49a198f50c9a171b394191c414,ca30c62fd4b6db49ef4cfe4b52d0c0530b46fb6593cec05fe83ba2c2b5d2b0e7,route_process_and_children_cumulative_plus_exact_measured_preparation_reuse,b07ae350f31981ef8b14fa7813d68f61edd5bd05272c947b8c14688b0049c57a,routing/qualification/budgeted_run/runs/bench48_repaired_20260920/production/b07ae350f31981ef8b14fa7813d68f61edd5bd05272c947b8c14688b0049c57a/rows/25/terminal.json,
NGK,26,ws280,ws:S-R01-0,H30-e5f59827aa5aa6e5,48,True,VALID,COMPLETE,True,True,1759.925092628,1759.925092628,0,True,0.0,1698.5336070487092,1748.6681851229805,465.70298462800565,POLICY_DELIVERY,,1.045008765043152,1.2036287598329303,-29.095947866721644,-82.7990879431027,WS_SOURCE_FRAME_BACKBONE_RMSD,13,156,0.8698024600591744,1.183713496442326,17,156,139,AVAILABLE,CA,single_direct_prediction_to_reference_all_mapped_nonloop_CA_Kabsch,fdc26208537a677dd70dbd9eaad7833260a06de79641b78be982ace091bb1d17,d54b31c8ee5f43c5357b79b7f3163e77c1885eea0c053a56c4eb4d2c6d69ab10,1c2d77a8888d7e3b912d3c8560f3abc5708505ac514e6c700f947521006b8d34,route_process_and_children_cumulative_plus_exact_measured_preparation_reuse,b07ae350f31981ef8b14fa7813d68f61edd5bd05272c947b8c14688b0049c57a,routing/qualification/budgeted_run/runs/bench48_repaired_20260920/production/b07ae350f31981ef8b14fa7813d68f61edd5bd05272c947b8c14688b0049c57a/rows/26/terminal.json,
NGK,27,ws280,ws:S-D05-0,H30-68dd481407bacaed,48,True,VALID,COMPLETE,True,True,1376.2958167829997,1376.2958167829997,0,True,0.0,1346.9571380136647,1365.5163403750048,1.6015531689918134,POLICY_DELIVERY,,0.17901437053363656,0.0630598028338381,-32.246375931243556,49.626724798659154,WS_SOURCE_FRAME_BACKBONE_RMSD,17,137,0.20069008327625382,0.05295651990226286,7,137,130,AVAILABLE,CA,single_direct_prediction_to_reference_all_mapped_nonloop_CA_Kabsch,46ef6986a3ef41cda40b3281740bcc29f07604443a53b29b30e1c4df4e4ea941,34404f1f4f5df101aa4ab18877d2459da982f0405263e5df068192f3304e9021,11106275ce55c7dacff18ecef0a0dd109046e543dabc46f49a934bedc8880ba3,route_process_and_children_cumulative_plus_exact_measured_preparation_reuse,b07ae350f31981ef8b14fa7813d68f61edd5bd05272c947b8c14688b0049c57a,routing/qualification/budgeted_run/runs/bench48_repaired_20260920/production/b07ae350f31981ef8b14fa7813d68f61edd5bd05272c947b8c14688b0049c57a/rows/27/terminal.json,
NGK,28,ws280,ws:S-N-2rjiA-34-41-0,H30-a209684961e38d8d,48,True,VALID,COMPLETE,True,True,846.8556761909999,846.8556761909999,0,True,0.0,818.6416533821448,841.469263756997,152.44372705099522,POLICY_DELIVERY,,0.5294481559722769,0.25834426004737815,-35.31286841929952,-102.45170078175141,WS_SOURCE_FRAME_BACKBONE_RMSD,20,84,0.7379909596813619,0.25492539030973427,10,84,74,AVAILABLE,CA,single_direct_prediction_to_reference_all_mapped_nonloop_CA_Kabsch,4b9893ab99a233914b2e323be577467a7c656c84de771e1ca127dbb00fc61878,fbe4ce71e25ac75d1242b690bf416a12e1b6d411cdc7a6b68e1e7dbe095d09c2,412a47561820ec08f71462f2521a3a4bc05e866e3d4988e5099a2b7c2d998c12,route_process_and_children_cumulative_plus_exact_measured_preparation_reuse,b07ae350f31981ef8b14fa7813d68f61edd5bd05272c947b8c14688b0049c57a,routing/qualification/budgeted_run/runs/bench48_repaired_20260920/production/b07ae350f31981ef8b14fa7813d68f61edd5bd05272c947b8c14688b0049c57a/rows/28/terminal.json,
NGK,29,ws280,ws:S-D13-0,H30-8d721988086f54c5,48,True,VALID,COMPLETE,True,True,1224.914024524,1224.914024524,0,True,0.0,1275.3619344733038,1216.6604256090068,773.5579150569974,POLICY_DELIVERY,,2.5811550990282415,0.9856948952546621,-30.540597498378485,-134.6945689242399,WS_SOURCE_FRAME_BACKBONE_RMSD,14,96,2.6548505563324523,0.9386314264408907,12,96,84,AVAILABLE,CA,single_direct_prediction_to_reference_all_mapped_nonloop_CA_Kabsch,e93485c4265a711437dbf3b322046af5ad5db0b92c9ef62a1cc598171ce998a1,fc88d59f87086f5b08045be7117efba76f13c2164b22704fc3f1f76ffff89aeb,e966c8e1e99029dee54ab40c7ffcf33be576727fc0a8247f22ae5b454f9ba600,route_process_and_children_cumulative_plus_exact_measured_preparation_reuse,b07ae350f31981ef8b14fa7813d68f61edd5bd05272c947b8c14688b0049c57a,routing/qualification/budgeted_run/runs/bench48_repaired_20260920/production/b07ae350f31981ef8b14fa7813d68f61edd5bd05272c947b8c14688b0049c57a/rows/29/terminal.json,
NGK,30,ws280,ws:S-N-1eyhA-14-22-0,H30-d96146015e38c8fd,48,True,VALID,COMPLETE,True,True,1644.757581477,1644.757581477,0,True,0.0,1591.6528066041635,1634.2862977479817,150.99239254399436,POLICY_DELIVERY,,1.825936201546641,0.6972909091934582,-57.053371224919495,-282.0178125816639,WS_SOURCE_FRAME_BACKBONE_RMSD,21,144,2.6197763239611653,0.724376848237749,11,144,133,AVAILABLE,CA,single_direct_prediction_to_reference_all_mapped_nonloop_CA_Kabsch,282799085aa902cc33c3468e633fe3515b8dd17e150be099d3065572f6c3d970,47e155d7b871bc33310bbd0cb607a345b62c3f1f606e6c3df0bc5911488f03b3,286bff8bde19bcfd91a8aeb00dae1247eb00976794120d44315ccc6c4865c5c6,route_process_and_children_cumulative_plus_exact_measured_preparation_reuse,b07ae350f31981ef8b14fa7813d68f61edd5bd05272c947b8c14688b0049c57a,routing/qualification/budgeted_run/runs/bench48_repaired_20260920/production/b07ae350f31981ef8b14fa7813d68f61edd5bd05272c947b8c14688b0049c57a/rows/30/terminal.json,
NGK,31,ws280,ws:S-D02-0,H30-8b4fa870dc66499b,48,True,VALID,COMPLETE,True,True,1201.2365546349997,1201.2365546349997,0,True,0.0,1245.0519763301463,1194.463131092023,297.358325676003,POLICY_DELIVERY,,0.39887085885656315,0.17240084254402593,-39.0038938959203,-168.49558368701463,WS_SOURCE_FRAME_BACKBONE_RMSD,17,91,0.4319057721326899,0.16421845562683807,13,91,78,AVAILABLE,CA,single_direct_prediction_to_reference_all_mapped_nonloop_CA_Kabsch,dd4079135dd447546b6cb03e2070dbd177eb77f6815f35889affb1845843738b,26d738fd5debee5b800997337739ce791bf479316a283a02a8b490edfe9b90d8,c56ba5dd30981ffde30c1558bef4a093a64f84c4f23f6b0cbe7eff827487c543,route_process_and_children_cumulative_plus_exact_measured_preparation_reuse,b07ae350f31981ef8b14fa7813d68f61edd5bd05272c947b8c14688b0049c57a,routing/qualification/budgeted_run/runs/bench48_repaired_20260920/production/b07ae350f31981ef8b14fa7813d68f61edd5bd05272c947b8c14688b0049c57a/rows/31/terminal.json,
NGK,32,hard83,hard:3926815f2defbaf80b3c3e5899086c4b510473903487f0da3aa0ead637a58846,H30-14db69c3c834cc74,48,True,VALID,COMPLETE,True,True,1773.649498456,1773.649498456,0,True,0.0,1667.6251108314173,1756.3427423749818,537.4010726629931,POLICY_DELIVERY,,0.9690049161463985,0.19307829214827296,-23.725112259899042,-922.8168561075435,HARD83_CA_RMSD,16,403,0.9690049161463963,0.19307829214827255,16,403,387,AVAILABLE,CA,single_direct_prediction_to_reference_all_mapped_nonloop_CA_Kabsch,2caee59efbc622b1a3f6485a82d6641e3f6dba9218ced02a630da1b495dabb51,ab6f417852b04d77ba8858df95734a0b74a7aec9d26510e198c08c01c2f6abbb,e831f33a29028d55ffa6b796c888d349267789dff5212b0f1c1cbdbf1f417ddf,route_process_and_children_cumulative_plus_exact_measured_preparation_reuse,b07ae350f31981ef8b14fa7813d68f61edd5bd05272c947b8c14688b0049c57a,routing/qualification/budgeted_run/runs/bench48_repaired_20260920/production/b07ae350f31981ef8b14fa7813d68f61edd5bd05272c947b8c14688b0049c57a/rows/32/terminal.json,
NGK,33,hard83,hard:4f25d222be8201299c1d3e9a28dbe6900355f01fecd72c31cc54bbca1abe15d5,H30-7b4828b92c676bd3,48,True,VALID,COMPLETE,True,True,1768.11692257,1768.11692257,0,True,0.0,1661.4394638975962,1750.7966839339933,271.88986317801755,POLICY_DELIVERY,,1.0186476029680394,0.21013095603036558,-6.673420488412392,-784.7540035561182,HARD83_CA_RMSD,16,376,1.0186476029680431,0.21013095603036633,16,376,360,AVAILABLE,CA,single_direct_prediction_to_reference_all_mapped_nonloop_CA_Kabsch,31c0b4de4e4a2037789fb8ba3dec24377c1cee165f34318d8dae5c47bf8b907e,e1ae2994d0ec446651744faaf98e89a8d311f243c042031ae2521d1ffe173d4d,37c4458780dd96d7f2c1d7249d67be8feddd6641b77a5cdc4a71d148af4cb0dc,route_process_and_children_cumulative_plus_exact_measured_preparation_reuse,b07ae350f31981ef8b14fa7813d68f61edd5bd05272c947b8c14688b0049c57a,routing/qualification/budgeted_run/runs/bench48_repaired_20260920/production/b07ae350f31981ef8b14fa7813d68f61edd5bd05272c947b8c14688b0049c57a/rows/33/terminal.json,
NGK,34,hard83,hard:66033fb723cda03be42b21da58fb0eaa624eaec20eb6c2a738cfe2d4edb583a3,H30-68b88ac905e29e26,48,True,VALID,COMPLETE,True,True,1761.9037484909998,1761.9037484909998,0,True,0.0,1549.5543980442071,1741.479318614991,924.6222450310015,POLICY_DELIVERY,,1.9563747648811474,0.4444584799746267,43.924965518307225,-434.26351736644483,HARD83_CA_RMSD,16,310,1.9563747648811478,0.44445847997462673,16,310,294,AVAILABLE,CA,single_direct_prediction_to_reference_all_mapped_nonloop_CA_Kabsch,80236e327114d8947129fd981b2f0f11bca49790890f29d23e7d47f25ebe7940,cd853a443db5f1135f839386a9e1f8ac0630afd1f52b4b7996a752c1f048354f,d305c009f8edf69fb365b700b5f4ca03fed77ac632392cc7420b88376bc5adfa,route_process_and_children_cumulative_plus_exact_measured_preparation_reuse,b07ae350f31981ef8b14fa7813d68f61edd5bd05272c947b8c14688b0049c57a,routing/qualification/budgeted_run/runs/bench48_repaired_20260920/production/b07ae350f31981ef8b14fa7813d68f61edd5bd05272c947b8c14688b0049c57a/rows/34/terminal.json,
NGK,35,hard83,hard:6ca33dcf8a3d129b198239f122e7696f3159b6bd027ff8e9938cc954893c3796,H30-a184dfdecef9082a,48,True,VALID,COMPLETE,True,True,1781.01253669,1769.61714377,11.395392919999999,False,1769.61714377,1770.0,1717.524305903993,0.013757250009803101,POLICY_DELIVERY,,2.8318346805902617,0.44951172552844393,525.3182683656197,1890.8531765612474,HARD83_CA_RMSD,16,635,2.831834680590263,0.4495117255284441,16,635,619,AVAILABLE,CA,single_direct_prediction_to_reference_all_mapped_nonloop_CA_Kabsch,0c3262b0a1c575b30f04b87aa5cfc9608a892185fdf3f52329ccf149286e47cb,fb7383a3fce8cfdccb5d36a75a6bf8146d53d6d8a118b5c1aeea4e86ebbac4a5,82b0275b3a38ff51c91551c00f5a3b2180b3b4a0a9eeadc8a9027f4701f0597c,route_process_and_children_cumulative_plus_exact_measured_preparation_reuse,b07ae350f31981ef8b14fa7813d68f61edd5bd05272c947b8c14688b0049c57a,routing/qualification/budgeted_run/runs/bench48_repaired_20260920/production/b07ae350f31981ef8b14fa7813d68f61edd5bd05272c947b8c14688b0049c57a/rows/35/terminal.json,CPU_LIMIT; valid endpoint retained
NGK,36,hard83,hard:7a27ec6ff9d898b60b0cdff87a244605027f4bc2a9096999f7edf0764f7a894b,H30-a792f43f2dedfd22,48,False,GEOMETRY_INVALID,COMPLETE,True,True,1784.006102447,1784.006102447,0,True,0.0,1770.0,1761.8212664689927,32.43424560301355,BUDGET_LIMIT_DELIVERY,,3.1044936785247277,0.5329063023382471,9614.73412528235,11091.849945994689,HARD83_CA_RMSD,16,543,3.104493678524737,0.5329063023382485,16,543,527,AVAILABLE,CA,single_direct_prediction_to_reference_all_mapped_nonloop_CA_Kabsch,78cdddefae858b5c74cb938404f4af395788cea19b666d0f2b4966b20bc76f95,1c44bbf19d5646e9fed23901373d3b2f016e5e6879ae55da4dabfc0e8bd4e4af,32bab1b1ddb973d925d3d75620e99287fea00f9b191f217540ac4c0d3e1432a0,route_process_and_children_cumulative_plus_exact_measured_preparation_reuse,b07ae350f31981ef8b14fa7813d68f61edd5bd05272c947b8c14688b0049c57a,routing/qualification/budgeted_run/runs/bench48_repaired_20260920/production/b07ae350f31981ef8b14fa7813d68f61edd5bd05272c947b8c14688b0049c57a/rows/36/terminal.json,CPU_LIMIT; geometry invalid
NGK,37,hard83,hard:8a290393047af506c8fe17ef8883dbb272815d1bc8b647a6ddf10dadaea8e265,H30-96d014d4a924c0a3,48,True,VALID,COMPLETE,True,True,1776.092013591,1776.092013591,0,True,0.0,1494.800395883983,1755.2400733309914,422.48178520798683,POLICY_DELIVERY,,1.8184667241246184,0.33623461623365847,-16.576814083151476,-648.6873690937703,HARD83_CA_RMSD,16,468,1.8184667241246184,0.33623461623365847,16,468,452,AVAILABLE,CA,single_direct_prediction_to_reference_all_mapped_nonloop_CA_Kabsch,9e82d02bf80f0015878069be1f580e705de9cfce6d25cea9e0398059fb85c893,b75487884dbf4f2338029e757701dafe1751109d616c1f1341e1a8d36936baf9,de17bfd0011c3436976fa91349a5d34b5153e4c705ab05e9e4b663c01a752bfa,route_process_and_children_cumulative_plus_exact_measured_preparation_reuse,b07ae350f31981ef8b14fa7813d68f61edd5bd05272c947b8c14688b0049c57a,routing/qualification/budgeted_run/runs/bench48_repaired_20260920/production/b07ae350f31981ef8b14fa7813d68f61edd5bd05272c947b8c14688b0049c57a/rows/37/terminal.json,
NGK,38,hard83,hard:9b19407410e182f0b481f9bc027700ec74ff01961d5cedd614c1db18a17b7a0c,H30-a94c9fd85fdca179,48,True,VALID,COMPLETE,True,True,1774.121409315,1774.121409315,0,True,0.0,1460.4279286592694,1753.7400900759967,36.441613505012356,POLICY_DELIVERY,,3.073947445365563,0.5783453020339666,-3.0806199846252214,-863.8991750569786,HARD83_CA_RMSD,16,452,3.0739474453655626,0.5783453020339665,16,452,436,AVAILABLE,CA,single_direct_prediction_to_reference_all_mapped_nonloop_CA_Kabsch,1935bebd3a1b270366e4a85b35afe415f63c230271c5a631a17a323413b431bb,375d14390edcbc736cb6a19c3661cb4c5da99b3ee82236973b7b9d3a8080a9e7,db5f5d44667d1af3b06df1b56aed3f91df453678a6ea817de993d875765eaf33,route_process_and_children_cumulative_plus_exact_measured_preparation_reuse,b07ae350f31981ef8b14fa7813d68f61edd5bd05272c947b8c14688b0049c57a,routing/qualification/budgeted_run/runs/bench48_repaired_20260920/production/b07ae350f31981ef8b14fa7813d68f61edd5bd05272c947b8c14688b0049c57a/rows/38/terminal.json,
NGK,39,hard83,hard:acd718793091aa45326b75976f578304ed7fa26fe816acf9e03efeab33ab2ff9,H30-8cb67708d34b6b0c,48,True,VALID,COMPLETE,True,True,1762.404211264,1762.404211264,0,True,0.0,1614.701377147349,1740.883083734021,1.9979798709973693,POLICY_DELIVERY,,1.4849397129917956,0.3621534888896606,-10.97986108386734,-284.92643748487467,HARD83_CA_RMSD,16,269,1.484939712991794,0.36215348888966026,16,269,253,AVAILABLE,CA,single_direct_prediction_to_reference_all_mapped_nonloop_CA_Kabsch,f756cf05cca0baf4e104afca7de6cd31e2e936e66f635e0874bf920fae2c7101,93fdd1601b7f73084731d03f51ff812a8025555525926c8c5a3b04d6cf8e02be,9309dcc8e8fab5cf0e0a9ddbc9bef2d6a4d7a5945e60666739445a58ed7d3fdc,route_process_and_children_cumulative_plus_exact_measured_preparation_reuse,b07ae350f31981ef8b14fa7813d68f61edd5bd05272c947b8c14688b0049c57a,routing/qualification/budgeted_run/runs/bench48_repaired_20260920/production/b07ae350f31981ef8b14fa7813d68f61edd5bd05272c947b8c14688b0049c57a/rows/39/terminal.json,
NGK,40,hard83,hard:448afa05a677a0f18d2ea00bb533bc3e4309d8df97763d8f82d79d82e9697c96,H30-6e3f83f75c8dec0b,48,True,VALID,COMPLETE,True,True,957.520848581,957.520848581,0,True,0.0,804.4332529157947,946.8444326299941,15.733689725981094,POLICY_DELIVERY,,0.26567793573163456,0.04420298116881942,-11.71778940320065,-548.1061030035941,HARD83_CA_RMSD,8,289,0.2656779357316355,0.04420298116881958,8,289,281,AVAILABLE,CA,single_direct_prediction_to_reference_all_mapped_nonloop_CA_Kabsch,e649df3e495cf8926b8f8da4b8355c4e20a59bb78c7af088c5b248044192d002,86503c2da3cf7773c505c938fd189c0c3d17f11c2d4785caed1f29448fbfb644,cf0be8e483181947f3a7d13cd2488c9d6565bc5a3d0717dfdd767a307004beba,route_process_and_children_cumulative_plus_exact_measured_preparation_reuse,b07ae350f31981ef8b14fa7813d68f61edd5bd05272c947b8c14688b0049c57a,routing/qualification/budgeted_run/runs/bench48_repaired_20260920/production/b07ae350f31981ef8b14fa7813d68f61edd5bd05272c947b8c14688b0049c57a/rows/40/terminal.json,
NGK,41,hard83,hard:0cfc0d39e2b43e4ca778b54dce75a3ce17027943d5eb45ab34fa3b45c87f7fcf,H30-8d94750e106e103c,48,True,VALID,COMPLETE,True,True,996.4194820270001,996.4194820270001,0,True,0.0,936.1411903608561,985.0278472859936,117.72155429399572,POLICY_DELIVERY,,3.9023929961999553,1.1902187055929256,-23.528783823127743,240.43420845522778,HARD83_CA_RMSD,12,129,3.9023929961999544,1.1902187055929254,12,129,117,AVAILABLE,CA,single_direct_prediction_to_reference_all_mapped_nonloop_CA_Kabsch,e5a74d5ce0e31cc003651a1b1daf9b28d1bcaa5bbc400b1954a83f5a9127b2cb,9c49649506f5b96b8174c1974d9e0d9841e8548e34bfb3241ad81cb2172d624a,7cc587014b67fb6649464c123a1b6d5124b5292d2735b0ffb7dfad9c6b11657b,route_process_and_children_cumulative_plus_exact_measured_preparation_reuse,b07ae350f31981ef8b14fa7813d68f61edd5bd05272c947b8c14688b0049c57a,routing/qualification/budgeted_run/runs/bench48_repaired_20260920/production/b07ae350f31981ef8b14fa7813d68f61edd5bd05272c947b8c14688b0049c57a/rows/41/terminal.json,
NGK,42,hard83,hard:0393f3b3f3c71b265946ccd11442163d34e5cdffbe17baf43ce06464d3a669ae,H30-929e369fb803878a,48,True,VALID,COMPLETE,True,True,1758.9957684639999,1758.9957684639999,0,True,0.0,1726.3075975533063,1738.978949744982,0.7063178159878589,POLICY_DELIVERY,,2.419318358144648,0.5732322057555808,-5.925640949427263,-524.5231859117489,HARD83_CA_RMSD,16,285,2.4193183581446474,0.5732322057555808,16,285,269,AVAILABLE,CA,single_direct_prediction_to_reference_all_mapped_nonloop_CA_Kabsch,26a4e85905df8f0b47780d14855302a2ce4f6b83aa77a0bbfad51ae7d22fd469,547e564c0156891b095ff8c1502bf2e2428ef11c38d4d710244f5f451ffdc5c2,b9184e27cfac6b1218fd86933d25e0ded53ae1b5ba2239a3c2aa2829e0f2a63f,route_process_and_children_cumulative_plus_exact_measured_preparation_reuse,b07ae350f31981ef8b14fa7813d68f61edd5bd05272c947b8c14688b0049c57a,routing/qualification/budgeted_run/runs/bench48_repaired_20260920/production/b07ae350f31981ef8b14fa7813d68f61edd5bd05272c947b8c14688b0049c57a/rows/42/terminal.json,
NGK,43,hard83,hard:9b16088ed764dd49aba3fd32fb7c35f6a024b99dbb8b29397fa3fcde7f677b18,H30-e6e425f39b53c17b,48,True,VALID,COMPLETE,True,True,1257.8229046360002,1257.8229046360002,0,True,0.0,1085.8230114963305,1244.163986961008,69.81560622798861,POLICY_DELIVERY,,2.8157981933283462,0.461358352342885,-1.4995169715195005,-722.9141518762727,HARD83_CA_RMSD,8,298,2.8157981933283467,0.4613583523428852,8,298,290,AVAILABLE,CA,single_direct_prediction_to_reference_all_mapped_nonloop_CA_Kabsch,32509a2b4d10a5ee2c749c85b58edf06afe31ff14f29538f6a3f09b7233ab8a9,902b825cd4af4adb148fd5f1c5529c55848b525be175e1793d0b1f3dc3eabad0,07d42d0fea6e205b0032a52db5cdff12d54a481cd3051c2703f3060fcece75cd,route_process_and_children_cumulative_plus_exact_measured_preparation_reuse,b07ae350f31981ef8b14fa7813d68f61edd5bd05272c947b8c14688b0049c57a,routing/qualification/budgeted_run/runs/bench48_repaired_20260920/production/b07ae350f31981ef8b14fa7813d68f61edd5bd05272c947b8c14688b0049c57a/rows/43/terminal.json,
NGK,44,hard83,hard:0f6d7075aaf29507491027139c421bf3437e54a00ecb9f81129495904e3f48b5,H30-cd3236b355613a5f,48,True,VALID,COMPLETE,True,True,1553.010549163,1553.010549163,0,True,0.0,1363.396388534518,1537.1354170830164,8.255796023004223,POLICY_DELIVERY,,2.2528676654492252,0.4672229887381902,-8.031638305042497,-666.8184348056054,HARD83_CA_RMSD,12,279,2.2528676654492257,0.46722298873819024,12,279,267,AVAILABLE,CA,single_direct_prediction_to_reference_all_mapped_nonloop_CA_Kabsch,ea2c74c6c28dc6bece2146f7bbc447dbdd586435536b5c41e034d29f619d783c,4899147a348de1b52b3d56dc7270fabebc8d4faf80691925c4ab16965a9c1d15,ee23a608b043fb20786c0861fcc99d723523cc792a896b46ba2449f7a87d2c56,route_process_and_children_cumulative_plus_exact_measured_preparation_reuse,b07ae350f31981ef8b14fa7813d68f61edd5bd05272c947b8c14688b0049c57a,routing/qualification/budgeted_run/runs/bench48_repaired_20260920/production/b07ae350f31981ef8b14fa7813d68f61edd5bd05272c947b8c14688b0049c57a/rows/44/terminal.json,
NGK,45,hard83,hard:1068df55ee33e05c1d0d5daf3cbae66621a99622bdec89b7d5baae7bf52e2c6f,H30-e606c00a8967ec92,48,True,VALID,COMPLETE,True,True,1761.04428188,1761.04428188,0,True,0.0,1696.1994721757526,1745.1687386340054,0.008544580021407455,POLICY_DELIVERY,,8.473612544231486,2.646711895638227,-27.99855253140671,-425.65647088282384,HARD83_CA_RMSD,16,164,8.473612544231491,2.6467118956382287,16,164,148,AVAILABLE,CA,single_direct_prediction_to_reference_all_mapped_nonloop_CA_Kabsch,3e75a4ab61eaf8e4c7784774d04ca9a076ea8130b1a84fea9f59a7f65c0b51eb,b3cecb1dd83daa5219ec37ad03da6fb8cada731c5b350e59c584601ae6fa3c8f,bfc790fa625877388f2167130bda2060611c0216ac260c45a60c6c1e1cef9471,route_process_and_children_cumulative_plus_exact_measured_preparation_reuse,b07ae350f31981ef8b14fa7813d68f61edd5bd05272c947b8c14688b0049c57a,routing/qualification/budgeted_run/runs/bench48_repaired_20260920/production/b07ae350f31981ef8b14fa7813d68f61edd5bd05272c947b8c14688b0049c57a/rows/45/terminal.json,
NGK,46,hard83,hard:c1bbcf70cbcbbae5f27ced59a155b26504751a6088c521b2b7a67a1f8b73404c,H30-2ec6c5d94e3a02ca,48,True,VALID,COMPLETE,True,True,886.738679797,886.738679797,0,True,0.0,804.0454348302441,876.5217451670032,68.94315512900357,POLICY_DELIVERY,,0.31580039523154585,0.07128658931005118,-20.56120194669299,-385.0727782193385,HARD83_CA_RMSD,8,157,0.31580039523154707,0.07128658931005144,8,157,149,AVAILABLE,CA,single_direct_prediction_to_reference_all_mapped_nonloop_CA_Kabsch,061f69a20b950ba5c75fce01d0eef1053d4cf2a9b280231f32da672e3d454fdd,b5e97ffbd2ffc020ecce071f988d4cb836c5b3521d1e544cdb69e3b96bd233d3,11197e6aebf522944dc7accee7a496e3704513c5bc35174d55ac410675dc3148,route_process_and_children_cumulative_plus_exact_measured_preparation_reuse,b07ae350f31981ef8b14fa7813d68f61edd5bd05272c947b8c14688b0049c57a,routing/qualification/budgeted_run/runs/bench48_repaired_20260920/production/b07ae350f31981ef8b14fa7813d68f61edd5bd05272c947b8c14688b0049c57a/rows/46/terminal.json,
NGK,47,hard83,hard:1867e59e6d1ce7d2f1c935e5cd0731cd08d23fa52cc621b36da846a025da6373,H30-192c42ffbc1f9f74,48,True,VALID,COMPLETE,True,True,1762.7388383070002,1762.7388383070002,0,True,0.0,1601.107149272063,1747.9733263840026,0.009401753981364891,POLICY_DELIVERY,,2.1670439545926734,0.45855448582344643,-17.003475796009358,-589.5422628746879,HARD83_CA_RMSD,12,268,2.1670439545926734,0.4585544858234464,12,268,256,AVAILABLE,CA,single_direct_prediction_to_reference_all_mapped_nonloop_CA_Kabsch,06f09e1c22d6284400b054a41c60246858a0923d429873a7e7447684069e97fe,c7a280b3d78a63f96d24e420ec59dac0e179c2609d96414817e30ee89c6e7e4b,a0b03b8ee5d71f3657391c2a50dba3f5bcc8f119326d465792b111efa1bb7c17,route_process_and_children_cumulative_plus_exact_measured_preparation_reuse,b07ae350f31981ef8b14fa7813d68f61edd5bd05272c947b8c14688b0049c57a,routing/qualification/budgeted_run/runs/bench48_repaired_20260920/production/b07ae350f31981ef8b14fa7813d68f61edd5bd05272c947b8c14688b0049c57a/rows/47/terminal.json,
